cost,displays,clicks,post_click_conversions,post_click_sales_amount,revenue
0.0081,386,2,0,0.0,0.1077
0.0098,16,0,0,0.0,0.0
0.981,1090,19,0,0.0,1.0474
14.8994,16605,106,17,769.7842,20.0
1.0301,1059,10,2,151.0915,0.5458
0.8314,1508,11,1,19.7254,0.6065
0.0008,1,0,0,0.0,0.0
0.0184,61,0,0,0.0,0.0
0.3652,1003,12,1,34.5282,1.2968
0.002,1,0,0,0.0,0.0
0.0085,7,0,0,0.0,0.0
9.6606,32557,116,9,1604.9559,6.1785
0.0019,5,0,0,0.0,0.0
0.0076,80,0,0,0.0,0.0
0.2894,178,2,0,0.0,0.2252
2.5396,10323,15,3,60.1281,0.8261
0.5176,585,5,0,0.0,0.2734
9.4786,16426,103,31,2400.3191,19.1955
0.0419,66,1,0,0.0,0.1219
0.1468,423,3,0,0.0,0.1568
0.0036,9,0,0,0.0,0.0
0.0007,2,0,0,0.0,0.0
0.3293,217,5,1,65.2415,0.5513
0.0117,18,0,0,0.0,0.0
0.1159,167,3,0,0.0,0.3203
0.0699,325,0,0,0.0,0.0
2.2441,6287,79,2,469.0565,3.154
0.0006,15,0,0,0.0,0.0
0.0493,219,3,0,0.0,0.5735
2.9172,5248,34,3,106.6552,1.8442
1.9523,7195,19,7,496.1247,0.9801
4.0511,2535,43,0,0.0,1.7197
0.1743,380,1,1,211.5323,0.1834
0.5693,555,1,0,0.0,0.1875
0.0043,378,1,0,0.0,0.0528
0.0057,7,0,0,0.0,0.0
0.0333,41,0,0,0.0,0.0
136.6289,210305,725,479,22409.1121,80.0
0.0386,42,0,0,0.0,0.0
0.4177,4138,16,0,0.0,0.8541
0.0114,85,1,0,0.0,0.0543
1.1667,33290,88,0,0.0,4.6374
0.0036,2,0,0,0.0,0.0
0.0304,50,0,0,0.0,0.0
4.4057,22072,33,4,487.6404,1.7907
0.0286,99,1,0,0.0,0.1107
0.4938,887,28,0,0.0,1.5222
23.7987,21751,172,53,2511.5558,32.0
0.0363,132,0,0,0.0,0.0
0.0016,2,0,0,0.0,0.0
79.5176,68140,332,95,4033.4666,63.0
0.0144,18,0,0,0.0,0.0
0.0687,336,4,0,0.0,0.7647
0.4891,1950,10,2,213.9491,1.8854
0.008,10,0,0,0.0,0.0
8.4396,8552,98,11,888.3129,5.2724
0.9769,1525,46,8,649.8068,8.6732
0.0418,108,0,0,0.0,0.0
0.7566,1044,17,0,0.0,3.2347
9.17,116957,418,3,216.6186,21.9095
11.1429,33575,100,8,214.9325,5.4987
0.1559,3557,4,0,0.0,0.2193
0.3988,1445,9,1,653.7417,0.5015
0.2428,2918,8,0,0.0,0.4215
1.2284,2275,7,1,405.1223,0.3941
0.064,271,0,0,0.0,0.0
0.012,17,0,0,0.0,0.0
0.0027,7,0,0,0.0,0.0
0.7471,19488,36,0,0.0,1.9511
0.9452,13324,29,0,0.0,1.5488
0.0344,33,0,0,0.0,0.0
0.5445,6561,26,1,51.9281,1.3861
6.9805,4984,87,18,394.8754,16.1987
9.2137,136917,503,4,719.038,26.1562
0.0006,1,0,0,0.0,0.0
362.2586,208888,1364,698,40353.0492,252.0
11.6833,25964,109,26,1673.7551,20.5421
0.0477,406,1,0,0.0,0.184
2.0252,4842,14,1,19.3392,2.6341
263.0381,207558,1551,741,35298.1241,289.0
0.0,1,0,0,0.0,0.0
1.3203,40429,78,0,0.0,4.1606
0.0172,144,0,0,0.0,0.0
1.2139,4537,46,0,0.0,1.8845
0.0027,5,0,0,0.0,0.0
10.9938,23825,533,5,155.0392,20.671
108.1718,196007,667,630,32204.1446,71.0
15.9764,34338,163,128,6688.4377,17.0
0.0102,722,0,0,0.0,0.0
2.9504,6445,58,2,246.9722,3.0088
0.1753,142,1,0,0.0,0.0406
0.4158,1627,4,0,0.0,0.2119
8.277,10225,313,57,3957.5323,33.2942
0.028,343,0,0,0.0,0.0
3.3124,17236,36,11,503.6627,1.9196
0.0109,32,0,0,0.0,0.0
7.4146,7581,178,7,780.8154,9.7105
12.5789,41596,97,13,1241.0912,5.3479
0.1355,3229,12,0,0.0,0.6398
45.1626,69260,331,122,6565.6967,44.0
5.6922,22944,51,5,625.7805,2.6222
0.4006,7624,7,0,0.0,0.3598
0.8843,2999,18,1,48.6633,1.9524
0.8839,17275,20,0,0.0,1.0532
0.5903,780,5,0,0.0,0.9487
0.147,487,1,0,0.0,0.0516
0.0393,61,0,0,0.0,0.0
0.7307,1995,8,3,222.4445,1.4745
0.6538,1205,30,0,0.0,1.6272
0.0928,144,0,0,0.0,0.0
0.1283,157,0,0,0.0,0.0
0.886,1645,17,4,386.1756,1.8329
10.6771,12911,87,10,929.78,4.4367
0.1946,483,6,0,0.0,1.1215
2.0975,2893,19,7,191.7653,2.0
0.0155,128,1,0,0.0,0.0399
1.1208,2115,8,1,129.7299,1.5222
1.569,1446,2,0,0.0,0.1066
0.0511,98,0,0,0.0,0.0
1.631,4139,56,3,85.3252,10.1679
0.0101,32,0,0,0.0,0.0
0.5427,605,17,0,0.0,0.9031
0.5967,13683,37,0,0.0,2.0615
0.8323,1403,37,0,0.0,1.9676
8.5563,10443,290,31,1357.0015,31.8935
0.0738,568,0,0,0.0,0.0
0.452,422,11,0,0.0,1.1967
0.2761,6114,21,0,0.0,1.1289
0.7157,1908,10,0,0.0,1.0861
0.2268,2974,17,0,0.0,0.9185
0.7548,4303,12,0,0.0,0.6484
2.1756,48102,124,0,0.0,6.6452
230.9345,155797,1115,508,24431.8825,203.9472
2.4737,5629,54,2,65.3436,5.8711
1.0934,1200,14,0,0.0,0.7362
0.0285,19,0,0,0.0,0.0
0.0022,14,0,0,0.0,0.0
0.7409,25770,52,0,0.0,2.819
1.4566,2664,13,6,218.3517,1.0
17.2793,20525,165,32,2598.6469,29.9313
0.4843,11523,32,0,0.0,1.7397
0.0863,85,2,0,0.0,0.217
0.5619,7381,15,0,0.0,0.8086
4.2116,9342,28,3,394.6194,5.2248
0.3514,1409,2,0,0.0,0.1087
0.1187,163,2,0,0.0,0.0
2.8167,4887,35,2,18.5436,1.9103
0.5542,2135,10,1,64.2175,0.5468
0.0023,6,0,0,0.0,0.0
0.4528,568,3,0,0.0,0.5657
0.0138,21,0,0,0.0,0.0
4.8533,18501,65,4,52063.9268,3.5238
0.1449,802,4,0,0.0,0.7138
0.0225,33,0,0,0.0,0.0
0.0164,11,0,0,0.0,0.0
0.6171,2972,8,0,0.0,1.4845
0.1842,768,1,0,0.0,0.0534
0.0517,214,0,0,0.0,0.0
0.631,1321,17,0,0.0,0.9124
0.0157,63,0,0,0.0,0.0
0.0991,33,0,0,0.0,0.0
0.231,6524,12,0,0.0,0.648
1.1849,4782,43,3,34.9688,1.729
3.1278,47171,170,1,5.9433,9.1852
4.1628,11110,43,34,1806.8629,4.0
0.0117,29,1,1,50.6887,0.1897
2.8899,5367,16,3,205.0428,3.0589
3.661,2583,68,0,0.0,2.7747
0.3813,7353,17,0,0.0,0.8963
4.2377,7896,48,5,480.5038,9.0513
0.4349,453,8,0,0.0,0.8732
10.7194,19877,148,64,2603.0341,16.0
0.0019,10,0,0,0.0,0.0
0.5481,878,10,4,90.6922,0.5288
2.9118,6186,22,3,271.8115,4.1582
0.6189,1449,9,4,753.7707,0.4981
0.3192,567,1,0,0.0,0.1102
0.1308,220,2,0,0.0,0.3732
0.056,46,1,0,0.0,0.054
0.5535,958,1,0,0.0,0.0
0.0004,41,0,0,0.0,0.0
1.8705,3531,31,7,542.4996,1.6553
0.0081,7,0,0,0.0,0.0
6.0366,19264,36,4,340.0274,1.9243
0.3477,444,2,0,0.0,0.1087
1.996,2429,47,4,73.4938,5.1135
7.9791,30303,102,10,506.4673,5.2615
1.0157,3572,15,2,27.0004,1.6306
0.1573,2092,7,0,0.0,0.378
3.1877,4522,29,2,16.9437,5.4209
0.3582,741,25,0,0.0,1.0155
0.0129,83,0,0,0.0,0.0
0.0008,1,0,0,0.0,0.0
4.5481,23923,39,4,732.3534,2.0084
0.7491,1302,37,0,0.0,1.9981
0.0011,2,0,0,0.0,0.0
0.0706,239,0,0,0.0,0.0
11.7855,13327,371,46,2778.5749,67.8587
1.1192,1511,9,0,0.0,0.5021
0.1928,5288,17,0,0.0,0.9145
0.0759,134,0,0,0.0,0.0
1.3919,17847,35,0,0.0,1.9046
6.4349,104240,273,3,227.2098,14.3592
3.0975,3240,66,0,0.0,3.625
1.3503,6106,7,0,0.0,0.361
3.0401,16117,198,0,0.0,7.8101
0.0119,226,0,0,0.0,0.0
146.849,89084,1014,811,42606.7904,110.0
3.3205,52910,203,1,137.7336,11.0067
0.3336,402,4,0,0.0,0.7541
0.0221,17,0,0,0.0,0.0
0.0307,89,1,0,0.0,0.1126
4.69,39686,238,2,198.1936,9.6134
5.3137,10863,80,14,784.0994,8.5075
10.118,19738,138,133,5255.1197,14.0
10.7487,9963,413,53,3208.5746,45.2927
0.2762,240,2,0,0.0,0.1036
126.5866,149817,8693,123,11286.2189,349.2426
0.0012,10,0,0,0.0,0.0
0.8452,4607,10,1,17.0504,0.5374
0.2243,4341,16,0,0.0,0.8525
14.4199,14912,439,57,3881.8661,82.5426
0.0147,397,0,0,0.0,0.0
1.8812,4265,61,0,0.0,3.1976
13.8797,18523,431,4,189.1079,16.6746
0.3374,871,10,0,0.0,1.103
64.7999,80216,308,217,8807.1744,58.0
1.3101,8814,47,0,0.0,2.5914
0.344,629,2,0,0.0,0.1093
0.0128,32,0,0,0.0,0.0
0.0006,1,0,0,0.0,0.0
0.002,1,1,0,0.0,0.0406
0.0695,364,0,0,0.0,0.0
0.002,1,0,0,0.0,0.0
150.2222,84683,865,837,37460.7692,95.0
0.8485,1933,17,0,0.0,1.8527
1.0519,1017,10,0,0.0,0.5329
0.3276,679,2,0,0.0,0.2187
0.3872,310,13,0,0.0,0.7159
0.1105,559,2,0,0.0,0.1077
0.0082,37,0,0,0.0,0.0
0.2109,745,2,1,16.3793,0.2169
0.5527,2186,1,0,0.0,0.1815
0.0902,3165,5,0,0.0,0.2599
2.8185,25604,77,0,0.0,4.0495
0.0003,1,0,0,0.0,0.0
0.2769,772,4,0,0.0,0.2175
4.4849,14916,77,11,529.0787,8.3208
0.028,52,1,0,0.0,0.1087
5.2022,58008,205,2,95.1458,11.1186
2.1024,3963,16,2,379.6346,0.8738
0.2191,1330,3,0,0.0,0.1617
1.6316,1716,27,3,157.8175,2.9774
0.0024,11,0,0,0.0,0.0
0.3857,355,1,0,0.0,0.1875
0.0158,171,0,0,0.0,0.0
0.0388,27,0,0,0.0,0.0
0.385,11999,15,0,0.0,0.7816
0.2361,846,2,0,0.0,0.0
0.0354,62,0,0,0.0,0.0
0.1252,699,1,0,0.0,0.0403
0.0048,6,0,0,0.0,0.0
0.0084,61,0,0,0.0,0.0
0.2457,441,3,1,52.638,0.1671
0.1604,287,2,1,3.766,0.2183
0.7093,695,4,0,0.0,0.2107
0.2352,2650,14,0,0.0,0.764
1.9116,2062,42,1,24.063,2.2839
8.5568,10768,218,1,79.8239,11.6204
0.0008,1,0,0,0.0,0.0
0.6926,2665,6,2,51.8691,0.319
0.2663,208,0,0,0.0,0.0
0.5133,907,32,0,0.0,1.6878
4.6128,91889,300,0,0.0,16.3171
0.1377,1450,7,0,0.0,0.2813
0.6609,4542,20,0,0.0,1.0937
0.0451,2217,4,0,0.0,0.2103
0.2162,340,5,0,0.0,0.5447
0.0403,23,1,0,0.0,0.0563
0.464,4918,15,0,0.0,0.7993
0.0041,11,0,0,0.0,0.0
0.0381,32,0,0,0.0,0.0
97.2965,279614,3855,70,6013.9438,149.989
0.0429,133,0,0,0.0,0.0
0.0837,131,1,0,0.0,0.0552
0.016,9,0,0,0.0,0.0
0.0013,9,0,0,0.0,0.0
5.4525,8804,29,6,561.1871,5.4209
23.4219,50040,309,31,2749.2091,56.665
0.0994,159,0,0,0.0,0.0
0.0104,13,0,0,0.0,0.0
13.5823,51286,832,7,218.3598,33.2718
0.2856,6199,11,0,0.0,0.5737
0.0038,20,0,0,0.0,0.0
6.6646,19360,124,21,538.0265,13.5153
17.6216,37096,951,12,1403.1808,36.3705
2.8284,2895,40,0,0.0,2.0394
0.0142,25,0,0,0.0,0.0
0.1738,345,8,0,0.0,0.4386
1.3072,2072,14,1,20.5502,2.577
0.0885,156,0,0,0.0,0.0
0.3465,886,2,1,181.4184,0.3763
99.6476,115470,704,473,23835.7786,77.0
8.8556,11544,199,2,79.1139,10.3457
0.9809,1326,3,0,0.0,0.1595
0.0164,22,0,0,0.0,0.0
1.7502,1753,36,1,208.3878,3.9105
0.0774,403,0,0,0.0,0.0
0.095,161,0,0,0.0,0.0
0.1558,1506,10,0,0.0,0.563
4.5431,22219,43,6,236.7323,2.3143
0.0338,59,2,0,0.0,0.2203
6.1793,25864,43,5,488.9052,2.3324
0.9593,9680,50,0,0.0,2.6878
0.0015,1,0,0,0.0,0.0
0.0518,87,1,0,0.0,0.0544
121.656,164735,859,601,28413.7761,94.0
141.4713,50242,703,348,20512.5141,134.0
0.0276,15,0,0,0.0,0.0
0.3008,785,1,0,0.0,0.0
1.3794,4299,22,3,226.453,4.0929
2.6383,25090,150,3,214.9266,7.7749
2.5846,4840,20,1,307.9477,1.0897
1.7059,2119,14,0,0.0,0.7539
11.0075,139691,441,1,6.6843,23.6771
0.473,824,1,0,0.0,0.1908
1.2667,1532,21,0,0.0,3.8129
186.2797,136344,1401,446,21182.5291,252.1443
0.0443,109,1,0,0.0,0.1866
0.7137,7662,42,3,323.2916,1.6249
0.0015,1,0,0,0.0,0.0
0.131,273,0,0,0.0,0.0
0.1737,5410,3,0,0.0,0.1616
14.0778,25802,171,22,981.5544,31.9163
0.8814,1809,9,6,707.9639,0.4885
19.8169,38396,278,141,6182.2845,51.0
2.2597,17419,124,0,0.0,6.6122
0.6701,1588,8,0,0.0,0.4215
0.0132,85,0,0,0.0,0.0
1.154,45598,97,0,0.0,5.2144
0.1229,149,0,0,0.0,0.0
0.3027,546,0,0,0.0,0.0
1.2147,967,24,0,0.0,1.3236
0.5342,458,2,2,351.1306,0.3598
3.7703,5304,82,1,181.7297,3.2794
0.0119,19,2,0,0.0,0.3569
11.5348,16537,120,23,1719.5063,22.0
0.0001,0,0,0,0.0,0.0
0.2197,373,16,1,30.7954,0.8716
0.0368,17,0,0,0.0,0.0
0.0448,43,0,0,0.0,0.0
43.7451,29728,482,398,18342.5546,52.0
0.0027,308,0,0,0.0,0.0
0.678,1407,12,3,11.3264,2.2625
0.4507,1220,4,1,105.7878,0.2155
0.0318,46,0,0,0.0,0.0
0.0661,473,0,0,0.0,0.0
0.1899,339,5,0,0.0,0.9215
30.1244,18911,122,32,879.2826,21.9541
0.8955,8142,49,0,0.0,2.5818
0.3352,464,0,0,0.0,0.0
0.417,1377,6,0,0.0,0.6527
29.2643,29365,266,223,10731.0604,29.0
1.9475,3144,100,5,739.9846,4.0056
0.0008,1,0,0,0.0,0.0
0.4051,1146,12,6,625.6055,1.2811
0.0475,376,2,0,0.0,0.2184
3.3134,14954,34,5,319.3957,1.7768
0.2423,437,1,0,0.0,0.0551
0.5381,1532,5,0,0.0,0.2669
10.9932,19623,121,17,1174.4071,22.6844
0.006,10,0,0,0.0,0.0
9.5859,7980,136,16,2056.7911,25.3804
3.1895,7450,50,21,889.3764,9.0
1.2676,29470,76,2,715.1002,4.1227
0.0164,25,0,0,0.0,0.0
0.8779,5135,15,2,92.6169,2.7642
0.1223,221,0,0,0.0,0.0
0.7201,10190,20,1,230.0754,1.0658
0.0096,12,0,0,0.0,0.0
0.7994,2855,12,2,25.244,1.2815
0.1303,338,3,0,0.0,0.5398
14.4355,13429,418,35,5047.8353,46.1725
0.8349,1393,59,0,0.0,2.3963
306.0007,266165,3731,2153,96992.9681,400.0
0.0201,31,0,0,0.0,0.0
0.5145,8118,64,0,0.0,3.3268
1.0365,1595,50,1,186.4442,2.7249
226.0535,194848,3317,2016,91286.7857,364.0
0.58,1041,6,2,682.9015,0.3342
0.0688,185,2,0,0.0,0.2149
0.0011,4,0,0,0.0,0.0
3.4261,13200,30,7,319.3341,1.6605
0.0273,239,0,0,0.0,0.0
0.0323,23,0,0,0.0,0.0
0.3442,691,2,0,0.0,0.2149
0.0013,5,0,0,0.0,0.0
204.295,238328,5860,2509,118651.5607,638.0
0.2456,438,3,0,0.0,0.1617
4.2778,8459,58,21,1761.9466,11.0113
209.9097,219519,4639,2091,92453.358,855.0
0.0738,60,0,0,0.0,0.0
0.0179,30,0,0,0.0,0.0
2.3931,11448,101,4,287.225,4.0803
2.4892,5524,33,4,145.7912,1.729
0.0167,238,0,0,0.0,0.0
7.3827,10811,55,31,1716.6478,6.0
0.0462,79,0,0,0.0,0.0
0.078,136,0,0,0.0,0.0
16.8376,32746,268,92,4570.7515,50.0
0.0233,82,0,0,0.0,0.0
3.483,14776,36,20,428.5077,1.9223
0.4131,902,5,0,0.0,0.5461
2.17,19504,145,2,154.7038,5.8897
0.097,680,6,0,0.0,0.3281
0.0005,11,0,0,0.0,0.0
224.3768,129972,694,402,23637.7996,131.0
0.4986,791,12,0,0.0,0.6439
0.7124,4859,31,0,0.0,1.695
0.798,2000,7,1,5.1081,0.7628
0.5062,630,13,4,191.5127,1.4169
0.2164,612,1,0,0.0,0.1091
201.0921,235878,6414,2650,135658.1205,698.0
10.7262,17839,130,34,2216.7313,14.2203
0.008,12,0,0,0.0,0.0
97.1163,128588,611,509,24219.1622,65.0
0.0045,234,0,0,0.0,0.0
0.0091,115,0,0,0.0,0.0
0.0006,1,0,0,0.0,0.0
4.7228,3994,48,3,689.5765,9.0979
81.8655,75250,323,95,5471.6231,60.0
351.9167,392142,10237,2513,119601.4208,1877.8227
2.1597,48144,125,1,126.4489,6.7338
0.002,3,0,0,0.0,0.0
33.1929,30408,259,199,11641.7297,28.0
1.8236,10047,197,2,14.2757,10.734
5.5274,22223,75,10,1319.0456,4.0387
0.7899,18437,16,0,0.0,0.85
0.0213,130,3,1,17.2718,0.3308
0.0002,4,0,0,0.0,0.0
2.8413,4724,32,2,490.3965,1.7173
0.0064,8,0,0,0.0,0.0
42.975,153848,2887,32,1295.2089,116.6479
0.0015,3,0,0,0.0,0.0
7.0324,7177,171,25,2178.9078,18.2923
0.0628,1874,1,0,0.0,0.0532
2.2533,2401,40,9,244.1566,4.2642
0.015,8,0,0,0.0,0.0
6.1951,5273,46,4,549.9353,2.4563
1.5422,1723,17,0,0.0,0.9185
32.1881,32246,250,171,7684.0208,27.0
0.0442,1986,5,0,0.0,0.2722
1.4455,1353,12,0,0.0,0.6169
13.3729,11522,426,38,2744.5931,47.4721
0.0004,1,0,0,0.0,0.0
0.1602,289,1,0,0.0,0.0551
0.7641,1854,26,2,507.5024,3.0052
2.215,10400,165,2,175.5412,9.0021
0.0079,45,0,0,0.0,0.0
7.3404,6596,83,7,351.3402,4.5585
1.2374,1334,23,0,0.0,2.4563
0.3331,8807,10,0,0.0,0.5269
21.6513,20263,161,38,1511.4803,29.0
0.1268,716,2,0,0.0,0.3769
1.298,1182,13,3,355.7117,0.6935
9.994,4979,55,17,917.4051,9.9309
6.5848,17282,111,36,2165.1749,14.0
0.014,57,0,0,0.0,0.0
2.3683,14328,51,0,0.0,1.9664
0.0011,1,0,0,0.0,0.0
0.4782,925,4,0,0.0,0.4463
1.4685,7744,13,2,43.4929,0.6683
0.2477,7715,17,0,0.0,0.9216
2.8885,6906,34,8,154.0046,1.7627
0.1272,259,4,0,0.0,0.7403
15.5158,28582,227,21,1448.2021,42.3281
0.1328,507,1,0,0.0,0.0537
0.0001,3,0,0,0.0,0.0
0.0001,1,0,0,0.0,0.0
231.8833,179662,1935,1005,43738.2323,361.0
0.0152,19,0,0,0.0,0.0
0.4297,394,4,2,391.3487,0.427
14.01,19990,58,45,2441.8405,6.0
64.4121,257764,4884,34,4299.6099,188.9615
0.4755,1180,20,1,7.1054,0.7998
0.0171,577,1,0,0.0,0.039
0.0054,15,0,0,0.0,0.0
8.06,8531,222,6,239.3044,11.9437
1.1361,1441,31,2,121.6665,5.8121
0.0002,1,0,0,0.0,0.0
0.1491,600,2,0,0.0,0.1067
11.1939,55188,1012,6,552.8476,41.1484
0.1688,2111,4,0,0.0,0.2203
0.0776,451,0,0,0.0,0.0
9.317,65807,350,2,762.9547,13.6174
0.0148,13,1,0,0.0,0.0399
0.1271,233,4,3,38.9838,0.4366
0.2275,1386,2,0,0.0,0.1066
0.0333,127,0,0,0.0,0.0
0.0921,194,0,0,0.0,0.0
0.0479,70,2,0,0.0,0.2179
0.1619,442,0,0,0.0,0.0
0.0075,4,0,0,0.0,0.0
0.264,654,2,0,0.0,0.1091
1.255,2724,8,0,0.0,0.4309
92.1346,103219,5824,126,10034.4627,236.5554
0.2528,3519,4,0,0.0,0.2182
0.0118,7,0,0,0.0,0.0
0.2423,587,0,0,0.0,0.0
8.5988,5635,38,15,376.7257,4.0
0.0024,3,0,0,0.0,0.0
0.0305,491,0,0,0.0,0.0
9.4517,8792,44,27,961.7946,4.0
0.0843,139,4,0,0.0,0.7647
0.226,381,5,0,0.0,0.2684
55.8462,50812,265,118,6690.8206,50.0
1.1366,2218,53,1,76.1458,2.8878
5.8782,4412,88,13,934.8156,16.4972
1.0704,1898,8,1,198.9104,0.0
3.0391,60502,133,4,33.6262,6.7813
0.1197,121,1,0,0.0,0.1093
0.0106,16,1,0,0.0,0.1063
0.0008,1,0,0,0.0,0.0
0.2299,4972,3,0,0.0,0.1597
0.0003,1,0,0,0.0,0.0
0.0754,130,1,0,0.0,0.1092
0.6491,1090,48,0,0.0,2.5732
0.28,1052,2,0,0.0,0.108
3.4804,5963,31,18,1008.8668,3.0
0.7348,1202,14,1,8.9906,0.7698
0.3068,847,0,0,0.0,0.0
0.9321,6903,73,0,0.0,2.965
0.5343,431,3,1,8.7487,0.5443
0.0098,318,0,0,0.0,0.0
45.2094,193187,2258,35,2668.1118,88.5037
1.1463,6709,16,0,0.0,0.8674
4.1891,86451,238,2,37.0364,12.6465
0.2236,161,1,0,0.0,0.1911
18.3667,25899,75,41,1655.8515,8.0
0.0006,1,0,0,0.0,0.0
4.9638,8254,95,17,759.464,10.41
4.7576,50189,181,0,0.0,9.6517
0.0009,14,0,0,0.0,0.0
1.1675,9986,73,0,0.0,3.9225
66.9725,51373,216,125,5093.1945,39.0
0.0227,78,0,0,0.0,0.0
7.8401,14655,108,36,1160.8626,11.0
0.1266,564,3,0,0.0,0.3308
1.4199,2172,85,8,494.989,15.8411
0.0043,73,0,0,0.0,0.0
0.0203,37,0,0,0.0,0.0
0.0001,5,0,0,0.0,0.0
0.3915,1596,9,0,0.0,0.4842
0.006,4,0,0,0.0,0.0
0.0443,35,0,0,0.0,0.0
12.9633,26205,201,16,904.6489,37.8883
1.0392,7153,106,1,52.0747,5.7245
34.6865,48829,765,264,11544.6736,144.0
0.0372,1265,0,0,0.0,0.0
3.1431,10492,13,1,67.5589,0.6639
0.3612,6209,30,0,0.0,1.6099
1.4015,11941,65,1,7.7676,3.423
0.022,11,0,0,0.0,0.0
0.0915,113,0,0,0.0,0.0
12.3568,8815,92,51,1912.8514,10.0
0.016,35,0,0,0.0,0.0
41.5118,61763,1025,361,16072.9225,182.9396
0.0935,161,1,0,0.0,0.1911
0.2902,983,8,0,0.0,0.8554
4.472,20551,225,3,134.3125,8.7048
0.2981,823,0,0,0.0,0.0
0.2968,1220,0,0,0.0,0.0
6.7517,24488,69,4,462.8305,3.5772
0.002,3,0,0,0.0,0.0
0.1316,295,0,0,0.0,0.0
0.6572,1646,15,1,55.63,2.7436
3.0329,14479,23,0,0.0,1.2507
4.3269,8053,46,12,465.6979,8.277
0.0376,22,0,0,0.0,0.0
1.933,2442,13,10,518.1452,1.0
0.0048,6,0,0,0.0,0.0
2.9738,6558,11,0,0.0,0.5655
19.1348,69118,805,20,604.9466,31.562
0.1915,5635,10,0,0.0,0.5317
0.0225,135,0,0,0.0,0.0
28.2266,19849,124,52,2693.9827,23.0
0.1507,4180,24,0,0.0,1.3016
0.1201,1931,10,0,0.0,0.5423
4.9003,9760,303,4,1067.9706,12.4131
0.2374,827,1,0,0.0,0.0563
8.061,10757,71,15,1453.7489,13.5739
0.347,295,8,1,69.8683,1.493
35.5588,135957,2570,35,2382.0965,102.7828
0.0107,203,0,0,0.0,0.0
0.1979,471,5,2,30.0292,0.9559
0.0012,60,0,0,0.0,0.0
0.0003,1,0,0,0.0,0.0
1.2222,5282,4,0,0.0,0.2169
0.021,32,2,0,0.0,0.1075
0.0481,33,0,0,0.0,0.0
0.0606,353,0,0,0.0,0.0
8.8865,4359,32,6,210.067,6.0
2.5892,8914,24,15,1116.5914,1.2814
3.9345,10931,51,4,75.2524,5.5671
6.5348,20017,99,17,1616.7126,10.5906
10.3518,8199,158,24,1757.2309,30.0895
1.4932,7108,123,1,52.5876,5.0012
21.704,45948,198,114,4347.5924,21.0
0.014,108,0,0,0.0,0.0
0.3279,276,4,1,218.2788,0.7221
0.1088,640,1,0,0.0,0.1815
0.0526,28,0,0,0.0,0.0
0.1502,3059,11,0,0.0,0.5926
0.7665,1215,10,0,0.0,0.5332
0.0173,68,0,0,0.0,0.0
0.002,4,0,0,0.0,0.0
0.0044,4,0,0,0.0,0.0
0.2963,708,10,0,0.0,0.546
12.879,11852,376,47,1514.9366,41.3057
0.0126,19,1,0,0.0,0.0551
0.0602,63,0,0,0.0,0.0
0.0074,131,0,0,0.0,0.0
186.2871,147584,1344,554,31136.8734,254.0
0.2053,630,2,0,0.0,0.1091
15.1202,31198,158,16,629.5523,28.907
0.9745,1950,21,3,109.3429,3.9692
0.0102,7,1,0,0.0,0.0549
0.4151,8333,17,0,0.0,0.9373
0.0019,7,0,0,0.0,0.0
0.0046,7,0,0,0.0,0.0
9.8054,21398,631,20,797.6519,24.6627
0.0377,1470,4,0,0.0,0.216
0.1638,303,1,0,0.0,0.054
0.667,653,7,0,0.0,0.3658
0.0184,31,0,0,0.0,0.0
432.5858,214074,2120,805,39654.6687,388.8174
0.1123,200,0,0,0.0,0.0
0.0032,6,0,0,0.0,0.0
0.1544,769,3,0,0.0,0.5428
0.0014,2,0,0,0.0,0.0
0.6024,4185,37,0,0.0,1.4949
0.4682,2100,1,0,0.0,0.0533
0.0106,8,0,0,0.0,0.0
0.0015,106,0,0,0.0,0.0
0.0023,6,0,0,0.0,0.0
0.3756,1512,2,0,0.0,0.2161
0.8105,2443,12,0,0.0,0.6375
0.8959,1960,31,0,0.0,1.2002
0.0045,3,0,0,0.0,0.0
0.0362,65,1,0,0.0,0.1114
79.2585,69265,245,102,5927.6325,45.0
0.16,893,4,0,0.0,0.4338
0.0008,1,0,0,0.0,0.0
0.7071,14265,31,0,0.0,1.6581
1.008,895,4,0,0.0,0.7464
0.3899,528,3,0,0.0,0.0
0.0204,11,0,0,0.0,0.0
86.0796,77402,1775,50,3334.1989,68.6794
0.3175,301,4,1,62.0853,0.2131
0.0039,263,3,0,0.0,0.1616
0.072,285,0,0,0.0,0.0
0.0067,12,0,0,0.0,0.0
0.3144,728,5,0,0.0,0.257
0.0377,368,1,0,0.0,0.1098
0.2387,1755,5,0,0.0,0.2731
0.0317,168,1,0,0.0,0.1099
0.0136,170,0,0,0.0,0.0
0.2769,449,12,0,0.0,0.6405
0.0094,185,0,0,0.0,0.0
0.2723,1342,4,0,0.0,0.4463
0.0022,4,0,0,0.0,0.0
2.4512,6819,18,1,106.2971,3.4153
0.8054,18251,44,0,0.0,2.3493
0.1361,271,0,0,0.0,0.0
0.2354,2786,6,0,0.0,0.3232
0.0015,4,0,0,0.0,0.0
0.1408,237,1,0,0.0,0.1114
0.5598,2366,5,0,0.0,0.2592
1.4556,11423,65,1,86.1062,3.4942
1.1694,5248,13,0,0.0,0.6931
0.1627,239,0,0,0.0,0.0
0.6781,6719,38,0,0.0,2.1033
0.1629,256,2,1,71.6413,0.1084
0.002,2,0,0,0.0,0.0
0.0009,5,0,0,0.0,0.0
0.0179,77,0,0,0.0,0.0
2.7654,66100,118,7,463.3167,6.184
0.591,1685,1,0,0.0,0.1865
0.5707,2380,1,0,0.0,0.0
0.7228,1134,24,0,0.0,1.3011
0.006,2,0,0,0.0,0.0
0.1162,159,0,0,0.0,0.0
0.6918,2284,7,1,3.0452,1.3382
0.5835,12280,27,0,0.0,1.4683
0.4676,1789,4,0,0.0,0.2197
0.0581,202,2,0,0.0,0.109
0.2714,886,6,2,31.9601,0.3209
0.0037,32,0,0,0.0,0.0
41.342,46619,218,62,3440.721,41.0
0.6912,2740,18,2,32.5101,3.4221
6.1647,27308,478,3,373.9059,19.3127
0.1099,410,0,0,0.0,0.0
4.46,7573,46,18,605.0187,8.5799
0.2602,424,4,1,49.7649,0.4399
1.9204,16401,63,0,0.0,3.3562
0.0138,70,0,0,0.0,0.0
0.0355,92,0,0,0.0,0.0
0.0127,78,0,0,0.0,0.0
31.4268,31625,163,59,3247.5349,30.0
0.2108,834,2,0,0.0,0.3681
0.0006,1,0,0,0.0,0.0
2.0397,2098,57,0,0.0,3.0939
0.0461,31,0,0,0.0,0.0
3.4893,2349,10,3,37.5633,1.0
0.3886,4342,14,0,0.0,0.5599
0.0023,10,0,0,0.0,0.0
4.2284,48129,262,2,213.905,10.4701
0.2495,462,2,0,0.0,0.1076
0.3774,1233,2,0,0.0,0.3598
0.0167,95,1,0,0.0,0.0387
0.045,19,0,0,0.0,0.0
8.4944,12711,40,21,796.3395,4.0
0.0628,221,0,0,0.0,0.0
0.0059,35,1,0,0.0,0.1844
0.0016,4,0,0,0.0,0.0
0.1237,548,2,0,0.0,0.1057
0.0532,52,0,0,0.0,0.0
25.002,13904,103,74,2149.6115,19.0
28.5111,56328,2315,33,2125.8539,89.5676
5.6261,8973,38,2,111.816,6.8953
0.0008,1,0,0,0.0,0.0
16.6353,18518,158,28,1735.5801,28.9859
0.0115,23,1,0,0.0,0.0533
0.2066,132,2,0,0.0,0.2252
0.0007,1,0,0,0.0,0.0
180.7481,154658,1509,542,23994.6771,272.4525
0.0069,33,0,0,0.0,0.0
1.3124,7523,130,0,0.0,7.1485
1.1622,6222,15,0,0.0,0.7891
1.3753,21033,98,1,418.4086,5.2925
0.0028,19,0,0,0.0,0.0
0.0028,8,0,0,0.0,0.0
0.0114,15,0,0,0.0,0.0
0.027,46,0,0,0.0,0.0
0.0007,2,0,0,0.0,0.0
0.002,2,0,0,0.0,0.0
0.7413,11001,72,0,0.0,3.9253
2.6849,24637,109,2,51.8638,5.625
0.0015,1,0,0,0.0,0.0
0.0089,22,0,0,0.0,0.0
10.393,21395,156,11,580.6308,29.0981
1.4875,31013,69,0,0.0,3.6336
0.3218,2364,14,0,0.0,0.7316
0.0103,17,0,0,0.0,0.0
25.9817,29684,838,80,4518.3661,152.1533
0.0044,6,0,0,0.0,0.0
298.1064,337337,6339,2658,140121.054,1203.0
0.0238,343,0,0,0.0,0.0
0.4621,889,8,0,0.0,0.8824
0.0216,33,0,0,0.0,0.0
0.2845,4385,8,0,0.0,0.4322
0.0025,4,0,0,0.0,0.0
0.0189,14,0,0,0.0,0.0
0.0348,14,0,0,0.0,0.0
0.0559,103,2,0,0.0,0.1084
0.0008,6,0,0,0.0,0.0
61.6561,184116,2720,39,3724.3667,106.9128
478.8989,312422,1632,1194,67714.1586,304.0
125.5927,145659,3329,1783,90017.9097,361.0
7.6688,18061,139,58,1757.5071,26.0
0.0906,182,0,0,0.0,0.0
0.2666,4598,16,1,138.5635,0.8461
12.7453,18959,75,47,1919.4868,13.0
4.1211,18886,241,0,0.0,9.446
0.0006,1,0,0,0.0,0.0
0.0058,5,0,0,0.0,0.0
0.176,189,1,0,0.0,0.0546
26.7824,20170,158,23,1972.4602,28.9717
0.0059,16,1,0,0.0,0.0533
0.3463,1358,4,1,36.6683,0.4375
0.5262,591,10,1,454.713,1.9118
206.2147,195346,1121,965,51275.8583,123.0
0.0379,75,0,0,0.0,0.0
0.8649,1134,12,0,0.0,2.2619
0.0006,1,0,0,0.0,0.0
0.176,1769,3,0,0.0,0.1671
1.0,1825,7,0,0.0,1.3064
0.0186,158,0,0,0.0,0.0
0.0023,13,0,0,0.0,0.0
8.2861,8359,212,45,3153.5193,23.1026
0.0979,1090,3,0,0.0,0.1595
0.0045,7,0,0,0.0,0.0
8.2093,17427,159,37,2403.4922,28.7066
1.6682,3105,80,0,0.0,4.1501
0.5054,5319,17,0,0.0,0.9065
0.2045,419,8,0,0.0,0.4348
0.0019,5,0,0,0.0,0.0
2.0653,4269,20,2,226.523,1.0903
0.1431,267,0,0,0.0,0.0
0.0072,9,0,0,0.0,0.0
0.4487,14039,32,0,0.0,1.7015
31.3877,44969,184,52,3058.8093,34.0
3.0196,4788,30,7,450.0506,3.2353
0.0006,1,0,0,0.0,0.0
0.0992,125,0,0,0.0,0.0
0.6518,14599,39,0,0.0,2.1438
2.0916,3957,27,0,0.0,1.458
6.2192,12980,173,18,995.107,19.0767
39.1453,39569,173,71,4355.9519,32.0
7.3098,9152,190,1,68.1642,10.334
308.8014,299633,1595,645,32544.8225,291.0
1.3135,1703,8,0,0.0,0.4339
0.1471,427,1,0,0.0,0.0515
7.4115,10386,41,19,521.6819,4.0
0.4901,1792,7,1,9.332,0.3941
3.8768,19507,252,6,253.8565,9.9063
0.0187,379,0,0,0.0,0.0
235.6763,203028,2999,1725,78196.2998,327.0
0.2499,444,4,1,41.748,0.4504
0.0282,37,0,0,0.0,0.0
0.0783,83,3,0,0.0,0.3274
18.3323,35359,212,25,1555.2581,40.3398
8.9699,25320,388,2,20.9037,15.2074
0.0296,349,0,0,0.0,0.0
0.0111,104,0,0,0.0,0.0
0.4929,12115,19,0,0.0,1.0148
24.7005,34565,581,311,12808.6031,63.0
1.8266,5787,93,0,0.0,3.7193
9.3858,120254,660,7,360.7537,25.5359
0.0095,21,0,0,0.0,0.0
0.0053,8,0,0,0.0,0.0
1.5977,24351,167,1,2.0309,6.7833
0.1777,248,1,1,174.469,0.0
0.0343,116,0,0,0.0,0.0
2.9969,35150,146,6,133.5423,7.9596
0.0921,141,1,0,0.0,0.1911
0.0424,31,0,0,0.0,0.0
0.0112,39,0,0,0.0,0.0
0.0126,215,0,0,0.0,0.0
0.1733,259,12,0,0.0,0.4787
0.138,299,3,1,57.0294,0.5353
0.0008,1,0,0,0.0,0.0
0.7206,1970,10,4,160.5552,1.9027
0.1794,609,0,0,0.0,0.0
0.0005,1,0,0,0.0,0.0
0.0002,1,0,0,0.0,0.0
0.0319,117,2,0,0.0,0.2182
0.0006,1,0,0,0.0,0.0
0.9546,9896,30,0,0.0,1.5998
0.2151,496,11,0,0.0,0.5686
2.6195,4117,83,0,0.0,3.3165
0.9376,1637,1,1,90.5808,0.0
0.2746,450,5,0,0.0,0.2687
0.1686,490,8,0,0.0,0.4504
0.0282,127,1,0,0.0,0.1092
2.9831,21350,211,3,165.0346,10.9461
0.748,1140,28,2,23.9196,3.6841
0.4913,993,9,1,17.9411,0.4848
0.2015,1347,5,1,186.4515,0.273
0.2373,302,10,1,136.1616,0.3919
0.0939,145,0,0,0.0,0.0
4.8187,21340,284,3,427.3493,11.3476
0.1612,855,4,0,0.0,0.1555
0.0069,13,0,0,0.0,0.0
4.4932,8103,66,32,1754.3235,7.0
0.003,2,0,0,0.0,0.0
362.201,168878,1555,556,28868.2869,295.0
19.2066,42610,371,158,13159.9984,67.8587
16.0986,28148,184,21,1198.3817,34.5093
11.2235,21656,73,33,1238.837,8.0
0.031,84,0,0,0.0,0.0
0.0094,16,0,0,0.0,0.0
1.6084,2934,79,0,0.0,4.094
0.0121,23,0,0,0.0,0.0
0.2035,486,2,0,0.0,0.2151
0.1226,3750,6,0,0.0,0.3231
0.0046,6,0,0,0.0,0.0
0.071,276,1,0,0.0,0.1897
1.0362,2850,1,0,0.0,0.0536
0.0087,13,0,0,0.0,0.0
0.0159,148,0,0,0.0,0.0
0.0466,93,3,0,0.0,0.1601
0.3999,716,6,0,0.0,0.3135
0.0068,583,0,0,0.0,0.0
365.3526,323078,2234,971,47701.4293,398.7397
0.2566,1011,3,0,0.0,0.1627
0.5519,9128,27,0,0.0,1.4541
0.0258,24,0,0,0.0,0.0
1.6441,2913,18,0,0.0,3.0
2.5521,4177,7,0,0.0,1.2843
41.982,44618,227,50,2781.3241,42.0
0.4161,2613,19,0,0.0,1.0516
0.0433,122,1,0,0.0,0.1902
0.0001,3,0,0,0.0,0.0
0.0024,6,0,0,0.0,0.0
0.1683,991,4,1,22.0494,0.4312
0.2247,137,1,0,0.0,0.1078
0.0349,93,0,0,0.0,0.0
0.1265,4003,21,0,0.0,1.1442
1.14,2145,43,5,440.6732,4.584
4.5025,3418,79,0,0.0,4.3556
0.0008,1,0,0,0.0,0.0
0.2377,431,1,0,0.0,0.0551
0.0,4,0,0,0.0,0.0
8.6589,10606,69,8,248.4686,13.0417
0.2454,629,0,0,0.0,0.0
0.0553,156,1,0,0.0,0.0544
0.0324,41,0,0,0.0,0.0
0.3038,274,1,0,0.0,0.1866
0.6126,980,18,8,934.7098,0.9642
154.4095,120296,1173,606,28726.6789,163.0
0.0171,15,0,0,0.0,0.0
91.0932,36427,532,311,15508.7837,100.0
0.1119,2925,7,0,0.0,0.378
0.0006,1,0,0,0.0,0.0
0.002,1,0,0,0.0,0.0
1.7468,44910,133,1,52.6694,7.0085
14.8689,37249,222,134,5792.6096,41.0
0.0073,9,0,0,0.0,0.0
1.2189,840,4,0,0.0,0.2183
0.5343,324,1,0,0.0,0.1885
0.0585,325,0,0,0.0,0.0
0.0652,282,1,0,0.0,0.1885
0.0588,2158,13,0,0.0,0.7047
40.5081,56813,633,519,22979.5222,120.0
0.4,591,10,1,42.2616,1.0867
0.316,1813,2,0,0.0,0.3569
0.2203,301,1,0,0.0,0.0
0.1966,409,2,0,0.0,0.3598
0.0663,1650,1,0,0.0,0.0543
0.0026,5,0,0,0.0,0.0
0.5373,1438,13,0,0.0,2.4248
0.4525,6347,19,0,0.0,0.735
0.0953,1170,3,0,0.0,0.1199
0.0283,19,0,0,0.0,0.0
4.794,9136,59,13,457.8552,6.0
1.0661,7537,57,0,0.0,2.2485
0.0164,136,0,0,0.0,0.0
0.3283,291,3,0,0.0,0.1542
0.0404,44,1,0,0.0,0.1102
7.3503,8770,54,16,883.5959,5.0
0.0074,19,0,0,0.0,0.0
0.0004,0,0,0,0.0,0.0
0.0207,38,0,0,0.0,0.0
1.1226,5395,10,2,46.751,0.5448
0.0128,32,0,0,0.0,0.0
0.0501,455,2,0,0.0,0.1036
31.9966,34014,325,206,7947.6246,35.0
1.2167,5939,11,0,0.0,0.5957
2.5191,3285,21,13,757.2776,2.0
1.3615,2446,22,13,576.9231,2.0
0.0168,30,0,0,0.0,0.0
5.405,27028,45,3,111.877,2.3528
0.0146,130,0,0,0.0,0.0
0.251,469,2,0,0.0,0.2149
6.0709,15689,96,12,331.3973,10.5554
1.1994,2335,26,0,0.0,1.3926
0.0096,38,0,0,0.0,0.0
3.0733,5093,111,1,236.4494,4.2943
26.0365,55313,248,90,4837.3487,26.0
0.0263,72,0,0,0.0,0.0
0.4071,1112,1,0,0.0,0.0543
0.0553,28,0,0,0.0,0.0
0.0128,19,1,1,47.3326,0.0394
1.4013,1524,48,12,386.3644,5.2066
287.8603,218009,2533,1034,53158.1619,476.0
0.181,241,1,1,46.9515,0.0
0.1368,300,4,0,0.0,0.7295
0.0132,25,0,0,0.0,0.0
0.0417,152,0,0,0.0,0.0
0.0664,402,1,0,0.0,0.1884
0.9565,1732,4,0,0.0,0.2209
4.2653,13383,67,5,194.4147,7.2891
0.0019,5,0,0,0.0,0.0
0.0207,146,1,0,0.0,0.0403
0.203,326,4,0,0.0,0.4879
0.0008,1,0,0,0.0,0.0
0.2711,1095,4,0,0.0,0.2183
0.0834,273,1,0,0.0,0.1885
0.093,130,0,0,0.0,0.0
216.6329,145317,1016,387,16130.9285,185.0
0.0027,4,0,0,0.0,0.0
0.0008,1,0,0,0.0,0.0
0.0613,226,0,0,0.0,0.0
0.0039,6,0,0,0.0,0.0
0.002,2,0,0,0.0,0.0
7.443,22786,49,7,1389.0936,2.5804
9.9754,19259,108,9,801.0828,19.754
0.0179,13,0,0,0.0,0.0
0.0016,2,0,0,0.0,0.0
1.9456,3222,93,0,0.0,3.6682
0.0135,8,0,0,0.0,0.0
0.0056,11,0,0,0.0,0.0
0.5823,4739,25,0,0.0,1.3348
16.397,40835,288,154,5051.3915,51.8283
0.0091,27,0,0,0.0,0.0
1.0961,1136,12,0,0.0,0.6253
0.1699,292,10,0,0.0,0.5462
0.0098,18,0,0,0.0,0.0
0.0275,23,0,0,0.0,0.0
2.9927,41312,201,1,34.6082,11.1255
3.0832,2031,37,3,192.384,1.4505
0.0721,183,0,0,0.0,0.0
0.2131,307,3,0,0.0,0.116
0.1314,2341,10,0,0.0,0.5339
2.2229,19493,80,1,26.6535,4.2645
0.0217,93,0,0,0.0,0.0
0.5178,3420,15,0,0.0,0.8187
0.0008,1,0,0,0.0,0.0
0.0008,2,0,0,0.0,0.0
0.352,866,0,0,0.0,0.0
0.3849,4785,30,0,0.0,1.2122
2.1282,9457,21,0,0.0,1.1286
1.0094,4721,6,0,0.0,0.3203
1.0306,3169,16,6,650.7249,3.0241
6.3091,23120,61,16,820.6247,3.3178
0.0152,30,0,0,0.0,0.0
0.083,453,6,0,0.0,0.241
0.1559,387,2,0,0.0,0.0
4.0878,24333,242,1,117.3514,12.9631
0.3016,288,0,0,0.0,0.0
14.5286,17442,347,5,324.6993,17.9755
0.0,6,0,0,0.0,0.0
0.1665,4628,10,0,0.0,0.5363
0.0015,7,0,0,0.0,0.0
0.0077,5,0,0,0.0,0.0
0.0008,2,0,0,0.0,0.0
0.256,3113,20,0,0.0,1.0985
5.0228,2958,51,7,184.8084,5.5671
0.011,33,0,0,0.0,0.0
0.0443,91,3,0,0.0,0.3202
11.5454,9750,358,22,2192.7689,39.6292
0.0003,1,0,0,0.0,0.0
0.7904,2069,3,0,0.0,0.1654
0.527,8444,26,0,0.0,1.3944
4.7626,11303,39,27,2199.489,4.0
10.0405,13225,84,36,1709.8292,15.0
0.0227,39,0,0,0.0,0.0
0.0012,11,0,0,0.0,0.0
1.1207,5472,6,0,0.0,0.3234
2.8484,13853,48,9,694.1167,2.4679
0.2037,815,0,0,0.0,0.0
1.934,1849,21,3,29.1038,0.8484
0.2185,398,0,0,0.0,0.0
1.5671,1705,42,3,481.5055,4.4854
1.161,14147,42,0,0.0,2.3095
0.1071,253,0,0,0.0,0.0
0.0241,103,0,0,0.0,0.0
0.0941,1335,7,0,0.0,0.2828
0.1918,1620,4,0,0.0,0.4394
38.3467,44474,226,84,4864.903,42.0
0.0349,63,0,0,0.0,0.0
0.2052,705,4,1,145.1146,0.2167
0.0024,3,0,0,0.0,0.0
110.6573,114410,650,615,33357.8925,70.0
0.0523,87,1,0,0.0,0.0536
156.2737,139771,1111,956,41413.9002,120.0
0.3515,5648,20,0,0.0,1.0518
0.3647,391,7,1,103.603,1.3033
0.0072,19,0,0,0.0,0.0
0.4839,801,19,0,0.0,1.0102
0.0039,10,0,0,0.0,0.0
0.028,20,0,0,0.0,0.0
0.0108,6,0,0,0.0,0.0
31.3209,58713,2154,21,919.8822,83.8072
0.001,1,0,0,0.0,0.0
0.1643,236,4,1,42.4195,0.0
0.2996,1654,1,0,0.0,0.0522
4.3938,4087,63,2,92.5492,2.4622
40.7769,57840,850,186,8448.69,158.0
12.6902,24133,103,65,4465.0408,11.0
0.3869,1526,7,1,186.2233,0.3807
0.4969,6126,28,0,0.0,1.0887
0.0627,2844,6,0,0.0,0.3136
31.4498,17355,171,51,2240.5513,31.014
49.7965,61595,244,194,12502.8004,26.0
0.9382,4036,14,2,203.7055,0.7376
3.9229,82155,284,0,0.0,15.1671
7.6335,9057,59,5,329.932,3.0343
0.1451,347,3,2,17.6396,0.5595
0.3218,1363,2,0,0.0,0.1084
5.938,10284,49,15,678.075,9.0
0.1012,537,0,0,0.0,0.0
0.0131,28,0,0,0.0,0.0
1.7058,9163,160,2,162.9276,8.6176
0.1631,3321,19,0,0.0,1.0047
0.4809,1323,12,0,0.0,0.6271
170.2927,140317,868,629,31124.8214,164.0
4.8022,12657,108,17,1318.4221,11.5965
102.9039,32133,426,327,15188.7941,79.0
0.0218,47,0,0,0.0,0.0
2.0222,1849,17,6,210.8604,0.8818
0.7722,1373,0,0,0.0,0.0
0.0706,260,0,0,0.0,0.0
0.014,41,0,0,0.0,0.0
1.2045,2164,13,3,425.9432,1.0
0.5926,650,7,1,59.0281,0.7732
6.6968,6556,65,15,607.8665,3.6596
0.0077,115,0,0,0.0,0.0
0.1655,354,3,1,178.9614,0.3354
3.9383,5941,15,1,55.5494,2.7954
0.6523,2733,17,7,540.896,3.2257
4.9837,5269,57,5,389.1829,3.0862
0.0167,16,0,0,0.0,0.0
0.1855,1288,5,0,0.0,0.2729
1.3684,19631,58,0,0.0,3.1617
0.0007,2,0,0,0.0,0.0
7.5304,22654,62,8,293.0566,3.2791
14.8092,25764,161,17,1877.0119,30.5143
0.6839,24730,34,0,0.0,1.7823
5.4038,18256,35,2,322.8488,1.8594
1.7087,3151,74,1,128.6885,3.8671
0.7338,1408,26,1,67.8236,2.872
0.7196,2617,3,1,311.9029,0.1529
1.2586,8167,39,2,81.1421,2.0943
0.0386,53,0,0,0.0,0.0
0.5445,1118,1,0,0.0,0.0
1.3592,2626,32,1,351.1021,1.7439
0.0472,84,0,0,0.0,0.0
0.5985,4850,66,2,264.5844,2.6789
0.144,218,8,0,0.0,0.3199
0.7558,22264,55,1,105.5286,2.9833
0.0007,2,0,0,0.0,0.0
0.7202,10881,33,0,0.0,1.7586
1.4223,2622,14,1,31.577,2.6528
0.0426,128,1,0,0.0,0.1089
0.0046,12,0,0,0.0,0.0
0.0533,136,0,0,0.0,0.0
0.0042,3,0,0,0.0,0.0
0.6476,4194,9,4,230.4656,1.6249
0.024,292,0,0,0.0,0.0
0.0138,66,1,0,0.0,0.0563
0.6753,887,10,0,0.0,0.54
0.0126,86,1,0,0.0,0.0546
0.1375,513,1,0,0.0,0.0543
2.7078,21617,159,4,132.2692,8.3092
2.7392,4970,37,9,647.0572,2.0323
0.0235,107,0,0,0.0,0.0
0.019,61,2,0,0.0,0.1114
1.1241,2503,42,1,20.8314,1.6414
0.0112,14,0,0,0.0,0.0
1.0933,1872,17,3,481.0053,1.857
0.2124,259,5,0,0.0,0.2761
1.0576,9862,35,0,0.0,1.876
0.1444,750,3,0,0.0,0.1634
6.474,7735,69,6,793.367,3.5596
0.025,17,0,0,0.0,0.0
0.1119,2814,10,0,0.0,0.5451
0.0341,48,0,0,0.0,0.0
0.1252,293,2,0,0.0,0.1073
2.2696,8175,18,1,15.0572,0.9611
0.4144,965,4,0,0.0,0.4504
1.0733,7423,41,0,0.0,2.2518
1.311,2442,28,0,0.0,1.5231
0.0109,18,0,0,0.0,0.0
17.0182,47008,436,13,831.909,16.9483
0.0009,3,0,0,0.0,0.0
0.0172,31,0,0,0.0,0.0
0.0056,15,0,0,0.0,0.0
4.8289,5042,97,0,0.0,5.3481
0.4325,10147,34,0,0.0,1.8087
1.3036,2016,67,9,410.6132,12.6637
0.0092,38,3,0,0.0,0.3263
0.0032,4,0,0,0.0,0.0
3.2466,15524,28,0,0.0,1.5004
0.5662,6830,21,0,0.0,0.8485
0.0093,7,0,0,0.0,0.0
0.6212,16751,49,0,0.0,2.6133
0.0023,67,0,0,0.0,0.0
0.0,1,0,0,0.0,0.0
0.3585,4226,30,0,0.0,1.1998
0.0254,29,1,1,135.5155,0.0533
0.0032,3,0,0,0.0,0.0
1.9732,50887,104,1,63.4782,5.571
28.562,19932,150,56,2489.2829,27.2349
0.004,5,0,0,0.0,0.0
47.6241,55360,335,79,4306.966,60.6241
0.42,4894,26,0,0.0,1.4081
0.5328,13562,37,0,0.0,1.9934
2.7933,4769,28,20,1083.2005,3.0
0.0,1,0,0,0.0,0.0
1.8671,7880,147,0,0.0,5.8783
0.0403,2056,2,0,0.0,0.1066
0.0022,5,0,0,0.0,0.0
0.0143,37,0,0,0.0,0.0
0.0002,0,0,0,0.0,0.0
0.0428,116,0,0,0.0,0.0
13.4877,33125,230,79,2763.333,41.625
0.0008,3,0,0,0.0,0.0
1.1105,7323,36,0,0.0,1.9254
9.6584,39758,739,14,951.2179,29.7012
5.2025,6288,138,4,175.1601,7.341
5.8577,9704,30,15,693.3351,5.0
0.1164,91,0,0,0.0,0.0
104.2733,122215,740,635,23518.854,81.0
0.2777,7066,8,0,0.0,0.4126
0.0004,20,0,0,0.0,0.0
1.3961,3607,20,3,292.7813,2.2318
0.304,876,3,0,0.0,0.1598
12.1964,52281,882,5,311.8731,35.9932
7.0642,30913,56,6,292.6504,3.0874
2.4924,34318,132,0,0.0,7.1601
0.001,8,0,0,0.0,0.0
0.347,725,7,0,0.0,0.766
1.8769,1995,43,0,0.0,2.2966
0.023,57,0,0,0.0,0.0
1.0839,11271,40,0,0.0,2.1325
1.2246,1549,15,0,0.0,0.8358
0.7186,1009,9,0,0.0,1.6929
0.7272,2594,5,0,0.0,0.2695
0.2758,1526,4,0,0.0,0.4341
0.1246,1893,11,0,0.0,0.6058
5.2803,22266,43,2,97.3012,2.3115
0.0008,25,0,0,0.0,0.0
0.0027,4,0,0,0.0,0.0
0.0854,72,3,0,0.0,0.1586
0.0268,20,0,0,0.0,0.0
0.0015,1,0,0,0.0,0.0
0.9509,7725,37,0,0.0,1.4501
0.212,647,9,0,0.0,0.5015
0.0465,77,0,0,0.0,0.0
191.743,114275,1308,943,45228.5436,143.0
0.0206,952,1,0,0.0,0.0551
0.0655,52,0,0,0.0,0.0
247.1505,198530,1733,1099,50811.9346,327.0
0.0228,41,0,0,0.0,0.0
1.4826,10790,66,0,0.0,2.5447
0.1039,59,0,0,0.0,0.0
0.2858,5293,19,0,0.0,1.0129
0.0271,252,2,0,0.0,0.2205
0.0015,1,0,0,0.0,0.0
0.005,16,0,0,0.0,0.0
3.1079,39408,179,4,423.5182,9.7307
25.994,38674,2219,21,1225.7491,89.6485
0.0366,56,0,0,0.0,0.0
5.9142,22555,62,2,9.5264,3.3322
0.008,10,0,0,0.0,0.0
0.0032,4,0,0,0.0,0.0
1.2012,1923,74,2,281.4584,13.6212
0.9477,889,2,0,0.0,0.1075
15.4572,16295,151,17,1911.0431,28.1572
0.0118,13,0,0,0.0,0.0
0.783,3281,11,0,0.0,2.0517
2.8383,5276,33,15,1734.3914,1.7616
0.1031,212,0,0,0.0,0.0
1.5317,2175,6,6,186.3022,1.1273
0.0641,156,0,0,0.0,0.0
1.6915,2936,7,6,247.0996,0.0
3.6768,12139,62,10,812.2145,6.7813
0.1661,301,0,0,0.0,0.0
0.4695,3358,27,3,171.3668,1.4944
0.5045,16731,28,0,0.0,1.5294
0.1198,122,0,0,0.0,0.0
0.011,17,0,0,0.0,0.0
74.7667,77942,410,121,6710.2429,75.1528
7.1803,47682,169,1,10.0332,8.6181
5.8541,19482,47,5,920.3503,2.5466
0.7767,1185,2,0,0.0,0.1066
0.0137,61,0,0,0.0,0.0
0.0231,116,0,0,0.0,0.0
0.003,3,0,0,0.0,0.0
5.0374,8236,21,8,878.8708,4.0
8.1757,30737,94,7,768.5861,4.9267
0.0006,1,0,0,0.0,0.0
0.011,5,1,0,0.0,0.0409
0.0112,59,18,0,0.0,1.9582
0.5299,7643,17,0,0.0,0.9043
0.0184,350,0,0,0.0,0.0
1.4004,5444,24,6,218.8824,2.6466
0.0017,2,0,0,0.0,0.0
0.6307,18897,42,0,0.0,2.2897
0.1553,546,0,0,0.0,0.0
68.1335,80464,798,414,18967.9326,87.0
1.16,1229,11,2,164.3319,0.6
1.6197,3218,2,2,990.4229,0.0
0.163,3595,8,0,0.0,0.4369
0.0331,34,0,0,0.0,0.0
0.3731,796,19,1,212.2387,0.7676
0.0017,1,0,0,0.0,0.0
2.1529,46741,77,0,0.0,4.0026
0.019,14,0,0,0.0,0.0
0.0033,13,0,0,0.0,0.0
25.0671,30642,573,4,225.5553,22.0941
0.0005,1,0,0,0.0,0.0
0.0122,19,0,0,0.0,0.0
1.967,3432,20,5,49.3589,3.7802
0.0586,330,5,0,0.0,0.2669
0.0,1,0,0,0.0,0.0
0.0126,46,0,0,0.0,0.0
0.27,1068,4,0,0.0,0.2199
114.5384,106255,482,370,17921.4475,53.0
74.8757,65601,1856,47,2726.926,72.563
0.6928,7276,51,2,138.0186,2.7541
0.1627,4547,8,2,274.7359,0.4299
0.6141,22021,29,0,0.0,1.5602
0.1239,225,1,0,0.0,0.1101
0.0021,4,0,0,0.0,0.0
5.3695,9508,33,7,988.2185,6.2163
0.281,475,7,0,0.0,0.3769
1.2513,25266,80,1,25.7216,4.3412
0.0496,53,0,0,0.0,0.0
2.2901,11251,158,4,346.966,6.4469
1.3715,13784,130,0,0.0,7.0029
0.4076,774,8,0,0.0,0.8728
0.02,31,4,0,0.0,0.1598
0.3208,1200,2,0,0.0,0.1096
9.1076,11679,56,19,984.2413,6.0
61.1666,69271,244,218,8647.2944,26.0
4.3905,47593,210,0,0.0,8.4844
85.5732,75469,381,142,7572.6765,71.0
5.475,20939,49,4,675.4102,2.6322
0.0013,1,0,0,0.0,0.0
0.0613,1952,5,0,0.0,0.2674
0.0638,290,1,0,0.0,0.1902
0.0988,1475,7,0,0.0,0.2867
0.743,2597,7,2,33.038,1.3356
0.0104,7,0,0,0.0,0.0
0.0,0,0,0,0.0,0.0
0.0193,36,0,0,0.0,0.0
0.5874,1980,9,7,899.8897,1.0
0.5946,1767,12,0,0.0,0.6271
0.009,31,0,0,0.0,0.0
5.8918,7386,70,7,1798.2409,3.6108
0.313,355,0,0,0.0,0.0
1.9349,17843,131,1,1.5522,6.778
8.3004,7673,69,6,179.1387,3.7283
16.7068,14862,69,15,1121.184,12.0
0.0727,85,0,0,0.0,0.0
95.2378,34348,478,209,11052.352,88.0
0.0008,1,0,0,0.0,0.0
18.548,26890,211,45,1939.6822,39.8829
16.808,34019,167,15,837.6823,31.234
0.0044,5,0,0,0.0,0.0
0.0035,2,0,0,0.0,0.0
0.0041,3,0,0,0.0,0.0
1.4433,2818,14,0,0.0,0.7699
0.0017,1,0,0,0.0,0.0
0.0228,30,0,0,0.0,0.0
0.2159,667,1,0,0.0,0.0
0.0042,10,0,0,0.0,0.0
6.0624,3686,98,21,1310.0196,10.466
0.0015,1,0,0,0.0,0.0
0.2631,3340,17,0,0.0,0.9221
0.0006,3,0,0,0.0,0.0
0.3092,1670,3,0,0.0,0.1567
0.0043,11,0,0,0.0,0.0
0.0104,32,0,0,0.0,0.0
22.7593,15185,117,37,1307.0475,22.0
3.0678,14504,26,0,0.0,1.3699
0.12,137,0,0,0.0,0.0
0.0404,205,0,0,0.0,0.0
0.2791,5741,9,0,0.0,0.486
0.0022,4,0,0,0.0,0.0
0.0125,119,0,0,0.0,0.0
0.0678,131,1,0,0.0,0.108
15.7131,39239,219,23,1356.6806,40.5615
0.6319,1272,24,2,34.9358,2.5631
0.0635,16,0,0,0.0,0.0
0.5532,5567,19,0,0.0,1.0476
315.8673,238511,2776,938,49051.1992,523.0
0.1667,158,0,0,0.0,0.0
3.3843,27287,165,0,0.0,6.6334
0.5495,509,17,0,0.0,1.8763
313.7359,297268,2073,751,39049.7937,379.2932
0.2315,1531,2,0,0.0,0.1067
2.218,4229,21,0,0.0,1.1423
0.0302,64,0,0,0.0,0.0
4.2316,56093,210,0,0.0,10.7961
10.6698,12431,56,47,1069.9001,6.0
4.8674,8738,77,27,1040.1331,8.4815
0.0022,6,0,0,0.0,0.0
0.0549,183,1,0,0.0,0.1103
4.1415,38952,125,5,529.2297,6.6604
0.0489,79,1,0,0.0,0.1091
0.006,8,0,0,0.0,0.0
0.5725,2991,6,0,0.0,1.0796
9.6037,18703,107,73,3875.4284,11.0
0.0045,3,0,0,0.0,0.0
0.0073,4,0,0,0.0,0.0
0.0529,57,2,0,0.0,0.2203
0.0167,11,0,0,0.0,0.0
0.004,2,0,0,0.0,0.0
0.1207,297,10,0,0.0,1.0822
0.0427,278,0,0,0.0,0.0
0.0045,3,0,0,0.0,0.0
0.562,5674,21,1,55.93,0.8393
124.3772,100635,872,389,20975.6573,166.0
0.2267,422,1,0,0.0,0.1843
3.8888,17204,40,2,57.7292,2.1846
0.1784,801,3,0,0.0,0.5708
1.4067,2203,95,4,89.0095,17.8233
1.068,1667,9,0,0.0,1.6194
0.1538,699,2,0,0.0,0.2146
7.9585,76883,254,6,762.9346,13.544
0.1809,643,1,0,0.0,0.0532
7.5126,23427,362,5,104.3204,14.5507
0.0237,44,0,0,0.0,0.0
2.1059,14435,68,1,28.6184,2.6658
0.0693,296,0,0,0.0,0.0
14.7639,29387,169,39,1408.1703,32.0349
14.0654,47129,589,5,201.2328,24.1299
7.2444,6712,90,1,43.5384,3.4975
0.0148,11,0,0,0.0,0.0
0.0846,131,1,0,0.0,0.1866
2.0172,40439,93,0,0.0,4.9983
0.4493,3870,40,0,0.0,2.1875
8.4972,18717,137,28,936.0407,25.905
0.0045,3,0,0,0.0,0.0
0.0064,8,0,0,0.0,0.0
0.1462,216,7,0,0.0,0.3859
0.0007,4,0,0,0.0,0.0
0.939,1957,8,3,189.1013,0.8914
0.3493,3677,16,0,0.0,0.8543
337.5212,156499,1327,552,24869.7501,248.0
3.306,8380,82,5,218.937,9.0323
1.4949,8079,132,1,63.2035,7.2045
0.7919,7725,40,0,0.0,2.1539
0.2666,466,9,0,0.0,0.4796
3.0889,4839,27,3,116.287,4.9973
0.175,4927,11,0,0.0,0.5796
0.0015,4,0,0,0.0,0.0
0.8763,860,16,3,328.1186,0.8531
2.3432,19765,60,0,0.0,3.1994
0.0017,1,0,0,0.0,0.0
0.0376,40,0,0,0.0,0.0
0.0099,77,0,0,0.0,0.0
0.5092,2702,5,0,0.0,0.272
0.1365,243,0,0,0.0,0.0
0.2152,382,3,0,0.0,0.1631
1.4094,822,3,3,311.5736,0.5443
0.0228,207,0,0,0.0,0.0
7.8413,10534,144,0,0.0,7.6786
0.0263,65,0,0,0.0,0.0
0.0221,90,1,0,0.0,0.1861
0.0204,175,1,0,0.0,0.1834
0.0168,21,0,0,0.0,0.0
0.0415,42,0,0,0.0,0.0
0.3433,2002,1,0,0.0,0.0546
2.5699,4454,30,1,78.158,1.6385
3.611,7012,39,4,317.0895,7.0587
0.0885,764,1,0,0.0,0.0404
0.008,10,0,0,0.0,0.0
5.1117,23649,56,12,977.8518,2.9856
0.7592,1382,7,0,0.0,0.3844
1.6224,4104,33,0,0.0,6.1589
0.4675,1346,4,1,100.3271,0.2176
2.3837,46444,101,0,0.0,5.4384
0.7519,3179,6,6,105.5334,0.0
0.0167,27,0,0,0.0,0.0
0.2061,721,1,0,0.0,0.0
3.1586,32930,221,4,195.4398,11.9861
10.5846,9900,298,45,2264.7898,33.256
0.0013,2,0,0,0.0,0.0
0.0036,54,0,0,0.0,0.0
0.0098,20,0,0,0.0,0.0
1.7822,2488,25,0,0.0,1.3325
121.9409,144006,8824,147,13674.5522,353.5119
4.6745,64251,216,1,188.9608,11.2053
0.0064,8,0,0,0.0,0.0
4.0822,2509,19,13,1325.2979,2.0
0.3852,4245,5,0,0.0,0.2684
9.9252,11210,349,32,1583.2875,64.3744
0.0828,62,0,0,0.0,0.0
0.2152,288,2,2,87.395,0.0
0.0055,119,0,0,0.0,0.0
0.1631,224,1,0,0.0,0.0533
1.5236,2298,82,0,0.0,4.4486
27.306,55374,494,171,9224.9505,93.0
0.0025,1,0,0,0.0,0.0
0.272,737,2,0,0.0,0.1067
0.0006,17,0,0,0.0,0.0
96.3619,417968,5019,43,3573.427,195.1213
0.6986,632,10,2,191.2181,1.8984
1.1106,1075,7,0,0.0,0.3681
0.0974,165,1,0,0.0,0.1084
3.4109,32965,241,1,32.6951,12.9331
0.2564,2863,23,0,0.0,1.2281
1.8361,3064,86,5,1076.7638,3.3707
3.606,7140,101,8,274.742,11.035
4.3311,7881,27,2,40.68,5.1171
46.4021,39992,171,72,2925.3383,31.0
0.0412,80,0,0,0.0,0.0
2.6652,59670,81,0,0.0,4.3191
0.0107,16,0,0,0.0,0.0
0.0555,2704,2,0,0.0,0.1054
10.949,17095,1122,6,485.9417,45.0985
16.7901,13778,215,40,2285.1163,39.0369
1.6734,10874,58,3,70.8548,2.3196
0.1211,874,2,0,0.0,0.2183
0.1678,578,2,0,0.0,0.1077
8.2454,9755,89,3,134.0574,4.6141
0.2583,2329,11,0,0.0,0.6072
0.6342,1091,1,1,36.3632,0.0
0.0106,20,1,0,0.0,0.0542
0.8656,477,6,1,95.448,1.1309
1.0042,9883,42,0,0.0,2.2625
0.0688,114,0,0,0.0,0.0
4.2214,13357,38,21,902.3133,4.0
0.2706,1052,3,1,54.9373,0.1652
0.1112,211,1,0,0.0,0.0546
0.0002,7,0,0,0.0,0.0
1.8233,3220,59,0,0.0,3.21
0.0353,186,0,0,0.0,0.0
0.3782,780,6,0,0.0,0.6456
17.7152,33030,1291,12,2006.6864,51.8662
0.4106,1030,14,3,28.1155,0.5487
0.0049,472,1,0,0.0,0.0549
58.1003,81822,292,224,10271.9666,31.0
0.0017,2,0,0,0.0,0.0
0.0027,10,0,0,0.0,0.0
0.0111,286,0,0,0.0,0.0
4.3449,82750,232,0,0.0,12.4956
0.0836,38,0,0,0.0,0.0
0.2878,789,9,1,28.046,0.9788
1.1618,3562,16,2,162.8594,0.8317
41.5502,160093,2541,18,1101.6911,101.5476
6.6154,88082,322,1,33.5392,17.1151
0.0184,406,1,1,62.8404,0.0542
0.0155,27,0,0,0.0,0.0
0.9318,1929,26,2,1600.7974,2.8366
1.3138,2563,21,0,0.0,3.9859
1.1271,23810,52,10,488.1865,2.8206
0.0136,12,0,0,0.0,0.0
14.4551,20607,68,48,1696.7369,7.0
5.1639,70401,205,4,86.6472,10.5998
0.0314,22,0,0,0.0,0.0
0.1188,518,4,0,0.0,0.2174
22.2082,43513,211,23,1194.457,39.3823
0.0385,75,0,0,0.0,0.0
0.0689,190,1,0,0.0,0.1875
0.026,27,0,0,0.0,0.0
0.7246,7429,20,0,0.0,1.0664
4.9349,3678,53,6,557.3584,10.0201
1.1991,26726,59,0,0.0,3.1502
0.0293,50,0,0,0.0,0.0
0.0301,53,0,0,0.0,0.0
0.0415,380,1,0,0.0,0.1884
0.0213,147,0,0,0.0,0.0
0.0045,3,0,0,0.0,0.0
0.0006,1,0,0,0.0,0.0
1.966,16655,83,6,366.2787,3.3456
0.1723,4487,6,0,0.0,0.3135
0.0016,2,0,0,0.0,0.0
0.0157,36,1,0,0.0,0.0538
0.0089,6,0,0,0.0,0.0
0.3383,1308,9,0,0.0,0.9611
0.0368,1898,2,0,0.0,0.1033
0.0134,839,0,0,0.0,0.0
9.5694,105002,356,5,248.1598,18.9856
0.5816,2642,3,0,0.0,0.1652
0.0003,1,0,0,0.0,0.0
40.6554,223975,2697,32,2240.3984,105.7082
15.6409,33632,158,31,1068.1971,28.8303
0.0187,29,0,0,0.0,0.0
0.0075,14,0,0,0.0,0.0
0.6055,6290,17,0,0.0,0.9126
0.0057,10,0,0,0.0,0.0
0.5038,13404,31,0,0.0,1.7073
0.5407,2779,7,5,336.133,0.3732
0.0014,1,0,0,0.0,0.0
10.9275,16215,64,59,2277.565,6.0
0.0091,7,0,0,0.0,0.0
0.2472,1929,5,0,0.0,0.2665
0.0469,129,0,0,0.0,0.0
0.0112,28,2,0,0.0,0.0786
0.0372,52,0,0,0.0,0.0
7.052,8853,127,2,61.428,6.6197
0.0068,17,0,0,0.0,0.0
0.3765,706,8,0,0.0,0.3249
0.9565,1867,16,0,0.0,2.9507
21.1196,45298,408,161,8910.6155,76.0
0.0007,2,0,0,0.0,0.0
0.0475,370,0,0,0.0,0.0
4.7019,11157,68,42,2529.4164,7.0
7.5703,5144,107,26,1260.9872,19.8178
0.0017,5,0,0,0.0,0.0
1.9773,3383,16,1,9.7051,1.7087
9.7767,18277,152,26,1471.208,16.2071
0.0003,1,0,0,0.0,0.0
0.0231,49,0,0,0.0,0.0
0.0005,22,0,0,0.0,0.0
0.5545,914,12,1,76.6789,0.6311
0.0492,34,0,0,0.0,0.0
0.0838,150,0,0,0.0,0.0
2.2091,3527,20,0,0.0,1.0316
0.0081,5,0,0,0.0,0.0
0.7942,4119,10,0,0.0,0.5462
19.59,43739,113,66,2898.7016,12.0
0.5005,941,20,0,0.0,1.0679
0.8039,13990,20,0,0.0,1.091
0.0433,23,0,0,0.0,0.0
0.1611,439,4,0,0.0,0.4271
0.3663,4093,18,0,0.0,0.9887
1.5107,14979,123,0,0.0,6.6683
0.0064,10,0,0,0.0,0.0
0.0111,57,0,0,0.0,0.0
0.1403,161,1,0,0.0,0.0518
5.9656,15321,67,43,2173.0755,7.0
340.7355,348613,1266,661,29314.2362,233.0
0.2677,4804,25,0,0.0,1.3234
9.1632,92429,498,1,12.9709,19.5742
4.2832,21154,199,1,26.4503,7.9994
2.4497,4211,23,1,47.5904,4.1949
0.0008,1,0,0,0.0,0.0
3.1129,2067,44,0,0.0,1.7355
0.0032,139,0,0,0.0,0.0
0.0016,2,0,0,0.0,0.0
1.8742,11420,62,0,0.0,2.4795
0.0137,786,0,0,0.0,0.0
0.0549,62,2,0,0.0,0.1092
0.3098,561,0,0,0.0,0.0
13.2951,22090,82,66,3903.6353,8.0
20.1904,28877,214,44,2140.9674,39.4796
5.8664,91573,266,4,389.2267,14.4717
0.0425,71,2,0,0.0,0.2139
0.0074,52,0,0,0.0,0.0
1.5297,2098,29,0,0.0,1.5512
0.0006,1,0,0,0.0,0.0
0.0003,1,0,0,0.0,0.0
2.754,10510,27,5,1218.1271,1.4746
0.305,9343,8,0,0.0,0.4241
1.5289,2815,72,1,67.6911,3.7635
0.0275,45,0,0,0.0,0.0
114.5992,45701,570,406,19919.5674,105.0
10.0831,24096,329,24,906.7753,12.7888
0.3817,3926,12,0,0.0,0.6396
26.8351,33459,664,10,460.4,25.3936
0.3326,1925,12,0,0.0,1.3079
68.9107,61362,1614,44,3296.0103,63.2802
49.3065,53913,342,99,5344.1679,61.7566
1.0193,1826,12,0,0.0,0.4666
0.0096,12,0,0,0.0,0.0
0.1008,384,3,0,0.0,0.5708
6.8216,19633,59,3,371.1365,3.2424
0.0789,488,5,0,0.0,0.9346
0.0015,136,0,0,0.0,0.0
3.3958,8520,146,8,373.9086,5.9365
0.0591,105,0,0,0.0,0.0
0.7843,1374,41,0,0.0,2.1897
0.7719,3727,9,0,0.0,0.4881
2.4454,4519,124,0,0.0,6.3232
0.8033,2714,6,5,686.1949,0.3269
1.6164,17405,87,0,0.0,4.7164
0.0006,1,0,0,0.0,0.0
0.021,144,0,0,0.0,0.0
0.0025,2,0,0,0.0,0.0
0.9929,8026,33,3,16.2178,1.3302
3.1993,8533,37,9,313.1186,4.0134
0.0007,2,0,0,0.0,0.0
0.0081,13,0,0,0.0,0.0
0.012,15,0,0,0.0,0.0
0.6563,1133,12,0,0.0,0.4837
0.0471,1056,1,0,0.0,0.0557
2.386,4465,13,1,62.2717,0.6929
31.1843,17696,162,70,4577.9275,29.1535
0.0096,15,2,0,0.0,0.0784
1.211,2411,9,3,333.1322,1.6964
1.5879,3017,13,2,67.9004,0.6976
0.089,560,3,1,289.8959,0.1176
1.1555,4750,45,2,49.3998,1.8181
4.1209,67353,153,0,0.0,8.1591
0.0043,15,0,0,0.0,0.0
0.5143,1154,2,0,0.0,0.0
67.4213,76314,297,209,8264.6235,55.0
0.0329,92,0,0,0.0,0.0
0.5483,994,34,0,0.0,1.7917
0.0186,29,0,0,0.0,0.0
0.0093,247,0,0,0.0,0.0
0.0113,16,0,0,0.0,0.0
0.3573,6524,31,0,0.0,1.6931
0.0006,1,0,0,0.0,0.0
0.5129,1378,19,1,25.677,2.0705
0.8148,1062,3,0,0.0,0.5488
0.004,2,0,0,0.0,0.0
0.0025,2,0,0,0.0,0.0
31.2606,115712,2167,34,1926.0785,87.0953
0.4711,8618,20,0,0.0,1.0899
5.8219,24274,50,6,453.3482,2.6621
5.9831,50107,367,3,66.5661,14.427
1.1223,9115,74,0,0.0,3.9404
0.9274,857,9,0,0.0,0.4842
0.0256,121,1,0,0.0,0.1885
0.1007,169,1,0,0.0,0.0533
0.019,105,0,0,0.0,0.0
0.2751,740,0,0,0.0,0.0
0.112,222,6,3,121.98,0.6407
0.0199,365,1,0,0.0,0.0542
0.0406,30,0,0,0.0,0.0
0.4763,806,23,0,0.0,1.2262
0.3117,270,3,0,0.0,0.5607
35.5883,164173,2230,29,2796.1696,90.994
0.3618,210,4,0,0.0,0.4457
0.5193,859,4,0,0.0,0.2139
0.3934,5257,19,0,0.0,0.7598
349.4535,369184,10128,3277,199930.318,1893.0
85.9746,79423,421,163,5658.8652,78.0
0.0125,843,0,0,0.0,0.0
0.0331,344,2,0,0.0,0.1084
0.5753,9157,27,0,0.0,1.4301
0.015,16,0,0,0.0,0.0
394.4119,429511,9688,2728,128846.3259,1806.0
18.8695,39253,278,34,1547.1116,52.7809
0.0135,21,0,0,0.0,0.0
0.0913,2169,13,0,0.0,0.7103
0.1779,271,1,0,0.0,0.0549
0.4702,2745,6,0,0.0,1.0832
34.8168,36182,339,252,13463.5437,37.0
3.808,17342,26,2,65.9412,1.3441
3.1533,39058,235,2,101.2247,12.5298
85.9914,136695,721,465,23775.6803,77.0
0.1226,174,0,0,0.0,0.0
0.0067,18,0,0,0.0,0.0
0.2145,286,2,0,0.0,0.2231
1.1511,5754,7,2,116.5008,0.3744
61.0327,55229,1329,38,3188.6995,52.0895
4.3264,18661,204,2,370.6315,8.2401
0.004,5,0,0,0.0,0.0
0.0,3,0,0,0.0,0.0
2.4034,4047,90,1,68.6495,3.471
0.9038,1182,29,6,563.0553,5.5056
0.0034,10,0,0,0.0,0.0
0.701,624,15,1,29.6333,1.6297
7.6766,22343,370,4,97.3694,14.8645
0.0006,1,0,0,0.0,0.0
3.9538,11007,75,5,73.3335,8.4453
8.3867,79430,290,3,83.1853,15.1602
0.2163,862,0,0,0.0,0.0
0.3225,1450,3,0,0.0,0.5735
0.6479,995,5,0,0.0,0.9027
2.4423,4370,18,2,51.0207,0.9957
0.5712,15538,26,0,0.0,1.4282
0.3729,2532,1,0,0.0,0.0
0.8285,8578,43,1,66.3096,2.329
21.3883,25500,776,78,3503.5098,141.608
7.5582,27726,54,5,390.3263,2.822
0.065,40,0,0,0.0,0.0
5.1426,10844,306,7,876.9868,12.2979
3.756,3448,64,6,355.6779,11.7445
1.5289,2809,73,0,0.0,3.8149
4.3245,5708,67,8,1130.2618,3.5625
0.016,292,0,0,0.0,0.0
0.0003,1,0,0,0.0,0.0
0.0546,432,2,0,0.0,0.3823
0.0032,4,0,0,0.0,0.0
0.456,453,3,1,57.9793,0.3242
0.0179,133,1,0,0.0,0.1911
323.0806,289909,1409,748,57165.0942,264.0
0.0766,76,1,0,0.0,0.1076
1.7273,3892,43,8,424.1517,7.7634
0.0004,1,0,0,0.0,0.0
0.031,51,0,0,0.0,0.0
1.9055,6457,12,3,114.8918,0.6407
0.3567,4632,4,0,0.0,0.2182
1.2793,1754,24,0,0.0,1.275
0.005,7,0,0,0.0,0.0
4.5229,7597,63,16,1015.1052,6.958
0.0032,4,0,0,0.0,0.0
4.2808,17611,26,3,46.7292,1.4143
0.023,12,0,0,0.0,0.0
0.9231,1901,0,0,0.0,0.0
6.2643,23637,69,4,768.846,3.6859
0.0637,76,0,0,0.0,0.0
0.0436,71,1,0,0.0,0.1851
1.7658,43287,99,0,0.0,5.2956
1.6025,12328,74,1,22.7769,2.9093
0.0469,197,0,0,0.0,0.0
7.3423,8121,81,9,637.0458,4.4072
3.0874,50648,151,1,21.655,8.1901
0.3561,367,5,0,0.0,0.5468
1.8926,3721,35,6,194.2523,6.6608
8.0284,4594,36,16,523.6402,6.0
0.0249,16,0,0,0.0,0.0
8.5472,10874,200,2,289.942,10.7133
13.5121,22133,127,46,2280.5052,13.0
0.2062,206,3,0,0.0,0.3269
1.3733,12003,75,0,0.0,4.0206
0.0204,37,0,0,0.0,0.0
35.1771,97862,1950,30,2211.6583,77.3746
3.6579,14686,33,1,35.9217,1.7825
0.0134,31,0,0,0.0,0.0
0.4583,751,24,0,0.0,1.2814
0.1768,253,1,0,0.0,0.0
43.4488,52615,246,51,3139.3849,44.0
0.2941,991,22,2,52.7571,2.3974
0.0003,1,0,0,0.0,0.0
0.0001,3,0,0,0.0,0.0
0.1214,466,2,0,0.0,0.2147
0.9751,1535,26,2,25.8874,2.8339
0.7926,10617,29,0,0.0,1.5074
10.4872,17244,130,10,924.4512,24.6701
0.4514,5616,13,0,0.0,0.672
0.057,63,0,0,0.0,0.0
9.2618,24581,95,9,482.0558,5.1539
0.5297,2118,9,0,0.0,0.9791
6.7589,17131,121,9,438.9899,13.3928
1.1839,7830,60,0,0.0,3.2036
11.684,13211,62,52,1585.1052,6.0
12.0418,52275,783,9,636.4049,30.6059
0.2375,2121,17,0,0.0,0.9363
0.3972,1056,4,0,0.0,0.2169
0.0172,75,1,0,0.0,0.1099
0.5915,6076,37,0,0.0,1.9862
3.8744,40123,202,0,0.0,7.9172
0.0001,4,0,0,0.0,0.0
0.2922,463,6,0,0.0,1.1309
0.0274,51,0,0,0.0,0.0
0.0289,855,8,0,0.0,0.4406
0.0462,401,2,0,0.0,0.1054
0.0455,211,3,0,0.0,0.5458
0.5235,785,12,1,27.0946,2.2118
12.4486,5183,37,11,605.8301,4.0
0.2968,537,3,0,0.0,0.5598
2.1609,4263,35,0,0.0,1.8912
63.7192,78157,830,403,18595.5033,88.0
276.9714,210916,2473,977,40838.4135,464.0
0.0075,5,0,0,0.0,0.0
0.7161,15496,44,0,0.0,2.3863
0.0032,8,0,0,0.0,0.0
0.1452,4230,13,0,0.0,0.705
0.1294,424,3,0,0.0,0.5416
220.2338,253053,851,532,23993.9537,160.0
3.0302,15676,157,6,317.0217,8.3601
0.0007,2,0,0,0.0,0.0
0.8089,1747,6,0,0.0,0.3277
36.407,37785,304,302,14398.3926,32.0
5.2347,40371,231,12,299.5928,9.2319
0.0881,60,0,0,0.0,0.0
0.0086,17,0,0,0.0,0.0
79.3017,390929,5323,63,38386.9424,209.2502
0.3405,487,2,0,0.0,0.0
0.0271,19,0,0,0.0,0.0
3.4406,3537,77,1,100.1366,4.2024
5.3785,4332,78,6,263.2315,14.0369
0.2162,2389,8,0,0.0,0.3138
0.2504,636,2,0,0.0,0.2203
0.0076,28,0,0,0.0,0.0
0.7825,20328,50,0,0.0,2.7494
0.2455,3103,10,0,0.0,0.5436
0.0007,1,0,0,0.0,0.0
0.2578,5106,53,0,0.0,2.8748
0.4533,507,19,0,0.0,1.0478
0.1604,1141,2,0,0.0,0.1077
0.0197,1070,1,0,0.0,0.0549
14.0358,5817,45,13,666.2125,8.0
0.2982,722,4,0,0.0,0.4428
0.0007,1,0,0,0.0,0.0
0.1314,204,14,1,26.6888,2.6128
0.1288,114,2,0,0.0,0.1084
123.8618,197149,746,611,24831.6756,81.0
0.0636,493,2,2,58.6919,0.3808
0.3964,1540,6,1,142.9981,0.3194
46.0516,110582,2096,32,1599.8785,84.664
10.6968,92317,440,1,5.8182,17.1048
0.2387,1765,7,0,0.0,0.3618
7.59,8350,92,15,1634.1612,4.9055
3.0212,3867,30,0,0.0,1.5995
0.1941,249,11,0,0.0,0.5966
8.6005,15514,126,24,1240.5629,13.7479
218.0979,217194,882,489,22803.6488,166.0
0.5444,2266,4,0,0.0,0.2086
1.7313,3215,100,6,404.5884,5.1584
0.0078,12,0,0,0.0,0.0
0.1689,496,2,0,0.0,0.3658
9.5479,31401,95,4,704.815,5.1525
0.0148,1117,0,0,0.0,0.0
2.456,4365,30,5,173.0982,1.6308
0.2999,2011,4,0,0.0,0.2174
0.0011,2,0,0,0.0,0.0
0.3654,441,7,0,0.0,1.2843
52.6045,47856,232,102,2713.9522,42.124
0.0319,444,2,0,0.0,0.0773
0.6458,12828,29,0,0.0,1.5775
3.8404,20721,36,2,509.2723,1.9516
0.13,522,1,0,0.0,0.1799
1.3278,7944,104,0,0.0,5.6196
0.1011,496,0,0,0.0,0.0
0.0119,845,0,0,0.0,0.0
0.7706,1417,9,0,0.0,0.4891
3.0319,18259,240,1,123.8217,9.7486
48.7513,228678,2590,43,3262.2606,103.4881
0.0004,6,0,0,0.0,0.0
0.0008,92,0,0,0.0,0.0
1.5416,1724,26,9,257.4307,2.8437
0.0142,250,0,0,0.0,0.0
0.0067,10,0,0,0.0,0.0
17.1508,36623,219,118,6220.4678,23.0
0.8791,1291,49,7,485.4403,5.3151
15.2804,21302,141,66,3572.7025,26.0
0.0488,91,0,0,0.0,0.0
5.5631,5751,100,12,799.3515,10.8482
9.9238,35998,116,4,107.938,6.1106
6.627,22881,104,15,1686.9464,5.4799
0.2234,2562,20,0,0.0,1.0748
79.532,133599,351,345,15608.3438,38.0
9.1528,13875,81,21,1061.4776,8.9081
0.069,122,0,0,0.0,0.0
0.0008,2,0,0,0.0,0.0
0.0006,1,0,0,0.0,0.0
2.7389,16590,104,1,30.2849,4.0242
0.0,1,0,0,0.0,0.0
1.0558,1057,17,0,0.0,0.8952
1.7748,1266,18,1,4.9504,0.9819
0.0779,355,2,0,0.0,0.1075
0.0019,5,0,0,0.0,0.0
0.0886,161,1,0,0.0,0.055
0.027,50,0,0,0.0,0.0
0.3262,1845,1,1,88.3773,0.0534
0.0024,25,0,0,0.0,0.0
0.0205,14,0,0,0.0,0.0
0.2333,3713,18,0,0.0,0.9584
0.1703,936,3,0,0.0,0.3203
0.1131,267,1,0,0.0,0.0519
0.0001,6,0,0,0.0,0.0
0.2029,805,1,0,0.0,0.0
0.0007,1,0,0,0.0,0.0
0.0766,207,1,0,0.0,0.1875
19.0937,22241,158,34,1216.9947,28.6873
6.794,23131,93,3,311.0623,4.9571
0.0581,126,2,0,0.0,0.3658
0.1812,927,4,0,0.0,0.4271
0.0462,2062,6,0,0.0,0.324
4.3231,5329,58,8,634.642,3.1171
0.1264,234,0,0,0.0,0.0
0.193,501,1,1,112.8559,0.0
0.0024,9,0,0,0.0,0.0
0.2437,550,5,0,0.0,0.2659
0.0003,4,0,0,0.0,0.0
0.0698,171,1,0,0.0,0.1115
190.6217,141215,1739,670,29723.724,332.0
5.9886,12720,70,12,428.8722,13.3775
0.004,3,0,0,0.0,0.0
4.9858,6272,64,3,111.6752,3.3852
9.8375,30729,45,1,151.7022,2.3344
1.6525,3057,11,2,47.1673,2.0
0.7153,1183,0,0,0.0,0.0
0.0141,65,0,0,0.0,0.0
0.1271,3890,9,0,0.0,0.4892
0.371,5194,19,0,0.0,1.0436
2.2009,3593,94,0,0.0,3.6787
0.002,32,0,0,0.0,0.0
0.6987,2837,11,2,234.3584,0.59
5.3274,77349,232,0,0.0,12.3947
0.1883,893,0,0,0.0,0.0
0.0032,4,0,0,0.0,0.0
1.2978,2651,19,4,236.8095,3.5634
0.0387,279,2,0,0.0,0.2132
0.3193,577,4,0,0.0,0.2176
298.2078,230900,2678,1095,51708.6935,499.0
90.3459,76558,2699,49,4442.6257,109.02
5.7391,4506,63,6,94.0786,11.7765
2.6896,55959,122,0,0.0,6.5055
0.8279,2452,12,0,0.0,0.6554
8.5739,82918,533,13,1195.3097,27.9399
0.6617,611,3,0,0.0,0.5595
24.5354,132478,1782,20,1936.1784,71.9921
52.9198,239217,2326,50,4323.6815,91.1954
0.0612,153,4,0,0.0,0.4338
0.6056,1817,4,0,0.0,0.2127
0.1645,613,3,0,0.0,0.5599
0.9385,11103,56,0,0.0,2.2617
2.4829,15590,193,1,66.2614,7.7978
0.0322,30,0,0,0.0,0.0
74.7037,87712,308,248,13233.8958,34.0
0.5695,889,41,0,0.0,7.6339
0.1281,216,11,0,0.0,0.442
0.0009,6,0,0,0.0,0.0
32.1949,130199,2317,36,2397.8252,89.3434
3.1867,33202,285,2,80.7257,15.6695
7.6681,7670,179,0,0.0,9.7348
0.2261,367,10,0,0.0,0.5448
0.163,1177,2,0,0.0,0.373
7.7134,9697,338,63,3998.2728,36.085
1.6628,46983,96,0,0.0,5.0568
0.0023,6,0,0,0.0,0.0
13.7869,27680,204,89,5033.6066,39.0
0.4233,5072,21,0,0.0,1.1212
0.0442,852,5,0,0.0,0.2815
7.1651,5339,89,17,1026.252,16.4042
0.0054,50,0,0,0.0,0.0
0.1299,346,1,0,0.0,0.1084
0.1358,588,2,0,0.0,0.1083
0.001,6,0,0,0.0,0.0
2.1436,10202,168,20,1290.4286,6.7877
0.17,3853,7,0,0.0,0.3859
0.9481,555,5,5,278.8454,0.9326
0.0743,560,1,0,0.0,0.1799
0.2287,850,9,2,206.5044,0.9611
0.0456,31,0,0,0.0,0.0
0.1938,2210,12,0,0.0,0.4847
0.002,1,0,0,0.0,0.0
0.1401,759,1,0,0.0,0.1881
0.2357,1237,3,0,0.0,0.3277
13.122,53379,673,10,699.5197,27.1889
0.7249,3102,10,0,0.0,1.866
0.286,812,7,3,10.3275,0.7462
4.9798,53118,303,0,0.0,16.4356
0.6795,16345,58,0,0.0,3.1326
0.0057,15,0,0,0.0,0.0
8.7674,10297,81,38,1892.0121,8.0
11.1096,18428,147,13,857.0906,27.8656
0.0291,160,0,0,0.0,0.0
0.8425,1429,18,6,135.7369,0.9337
1.3723,2737,3,0,0.0,0.1627
0.4094,1823,5,0,0.0,0.2719
0.0559,163,2,0,0.0,0.3816
110.5201,45327,889,453,19132.9713,160.5044
1.3358,2775,10,0,0.0,0.5317
0.0324,59,0,0,0.0,0.0
0.0611,153,0,0,0.0,0.0
0.0032,4,0,0,0.0,0.0
0.0061,15,0,0,0.0,0.0
3.6616,10022,94,18,980.2022,10.3548
0.0134,8,0,0,0.0,0.0
0.9794,881,8,0,0.0,0.4332
1.4519,40842,93,0,0.0,4.9717
0.0406,163,1,0,0.0,0.1866
1.0042,1780,12,0,0.0,0.4668
0.9279,1808,33,8,464.2178,3.64
0.5838,7899,16,0,0.0,0.8788
0.1684,484,3,0,0.0,0.1567
0.0044,11,0,0,0.0,0.0
4.144,6597,41,3,12.8346,7.7142
0.9435,27753,72,1,40.5724,3.7937
0.2035,538,9,1,379.4685,0.4912
0.2836,493,2,0,0.0,0.376
0.0026,4,0,0,0.0,0.0
0.0992,217,8,0,0.0,0.8703
0.5202,1834,8,6,238.0342,0.0
0.006,4,0,0,0.0,0.0
20.9735,12676,83,53,2376.0729,15.0
0.0687,417,5,1,100.4498,0.9047
7.1245,72613,262,0,0.0,14.2543
0.2427,1124,5,0,0.0,0.5374
0.5224,8418,22,0,0.0,1.1967
0.3858,1911,5,0,0.0,0.2612
2.0743,10487,158,0,0.0,8.5939
54.9935,80710,280,263,10047.8322,30.0
0.0521,1940,7,0,0.0,0.3796
10.3721,167883,622,2,116.4644,32.0854
0.0224,34,0,0,0.0,0.0
0.0065,12,0,0,0.0,0.0
0.0043,8,0,0,0.0,0.0
0.0016,2,0,0,0.0,0.0
0.0031,8,0,0,0.0,0.0
0.1511,1947,8,0,0.0,0.4406
0.1231,321,0,0,0.0,0.0
0.1662,759,2,0,0.0,0.377
0.033,948,2,0,0.0,0.1096
1.2915,5962,6,1,69.6264,0.3166
0.373,368,0,0,0.0,0.0
0.7532,2768,10,4,75.5743,1.0929
333.6981,152658,1163,581,24997.6894,218.0
0.9642,1771,7,2,225.7266,1.3046
0.0347,64,0,0,0.0,0.0
0.4932,1702,4,1,149.1157,0.2214
0.0275,101,0,0,0.0,0.0
2.9421,6491,33,5,92.1294,6.2373
0.3442,4935,19,0,0.0,0.7448
1.4984,3200,19,5,135.5915,2.0291
0.2576,706,5,0,0.0,0.5439
0.0252,132,0,0,0.0,0.0
2.3346,8087,13,3,493.4707,0.6739
5.9288,22408,31,3,188.1759,1.6531
0.5596,2181,8,0,0.0,0.4339
0.0003,1,0,0,0.0,0.0
2.5474,4998,40,6,198.8183,2.1082
1.2111,3776,5,0,0.0,0.0
0.8008,1419,56,0,0.0,3.016
11.1678,20152,185,13,653.1896,33.9397
5.1808,10680,68,46,1541.1266,7.0
0.0023,6,0,0,0.0,0.0
0.0059,9,0,0,0.0,0.0
22.8296,16974,146,51,2221.0902,26.3595
1.7871,4034,6,0,0.0,1.0
0.004,2,0,0,0.0,0.0
6.7762,13854,109,21,822.4947,11.8563
0.5836,1950,8,0,0.0,1.493
2.6483,13881,156,2,21.0797,8.2988
0.0008,1,0,0,0.0,0.0
0.0218,32,0,0,0.0,0.0
0.0498,247,2,0,0.0,0.0777
1.0725,2660,22,1,42.5335,4.1469
0.0011,3,0,0,0.0,0.0
3.5894,62933,257,3,394.3527,13.5906
0.0013,2,0,0,0.0,0.0
0.0016,2,0,0,0.0,0.0
0.0062,8,0,0,0.0,0.0
0.9325,1830,33,6,751.8153,6.0917
0.0023,46,1,0,0.0,0.0532
34.2307,35595,231,48,2182.0588,44.0
29.8442,20085,123,30,1690.6814,22.0
7.3528,6148,91,7,425.2612,17.1591
0.0901,130,0,0,0.0,0.0
0.0222,99,1,0,0.0,0.0538
0.0071,13,0,0,0.0,0.0
0.0374,35,0,0,0.0,0.0
0.0139,35,0,0,0.0,0.0
0.0011,5,0,0,0.0,0.0
1.0617,1150,16,0,0.0,0.8526
0.0483,87,0,0,0.0,0.0
1.2997,1261,7,1,30.2794,0.3638
9.239,5343,133,15,924.5545,14.5103
0.1694,4976,11,0,0.0,0.5873
0.0517,133,0,0,0.0,0.0
0.1401,196,18,0,0.0,0.7311
0.3111,458,6,0,0.0,1.0894
1.0571,1027,8,2,143.7041,0.4259
0.0027,19,0,0,0.0,0.0
0.0735,275,0,0,0.0,0.0
1.7305,14443,114,0,0.0,4.5592
0.0006,1,0,0,0.0,0.0
0.0447,84,1,0,0.0,0.0543
0.2168,881,10,0,0.0,0.3855
0.046,74,3,0,0.0,0.1632
0.1347,3536,12,0,0.0,0.6395
10.4939,5973,135,11,853.1237,15.044
9.991,15758,102,6,673.7717,19.409
0.0003,1,0,0,0.0,0.0
226.149,122565,845,360,17280.6922,157.0
230.9688,180728,1167,722,35760.1715,221.0
0.8993,6178,21,0,0.0,1.1321
0.0207,14,0,0,0.0,0.0
0.4143,347,1,0,0.0,0.1865
0.1429,182,0,0,0.0,0.0
0.7167,4126,4,0,0.0,0.2183
2.8754,4681,33,1,5.7349,6.2636
250.4306,194530,2223,1063,51783.3768,414.0
1.2516,2729,15,3,51.2943,2.699
2.7963,37047,129,0,0.0,7.0449
0.0131,491,0,0,0.0,0.0
0.0963,405,1,0,0.0,0.0552
0.0017,3,0,0,0.0,0.0
0.0008,1,0,0,0.0,0.0
0.0331,43,0,0,0.0,0.0
8.1967,27833,94,11,31622.0087,5.0359
1.9994,2844,11,4,353.2027,0.5983
0.4677,6218,18,0,0.0,0.9843
1.0262,1948,8,7,269.3275,0.0
6.5537,83094,315,9,220.9359,16.8479
0.002,1,0,0,0.0,0.0
0.3066,4425,9,0,0.0,0.4912
3.4044,14922,27,2,397.7203,1.4506
0.2642,259,1,0,0.0,0.0522
1.1363,2395,7,1,6.2543,0.3823
0.1282,236,0,0,0.0,0.0
199.0973,118188,1039,932,42958.0541,116.0
4.1747,7287,47,15,747.8698,8.5986
2.2941,41489,167,0,0.0,8.7543
4.6793,51377,204,0,0.0,11.1343
0.0159,21,0,0,0.0,0.0
0.0692,178,1,0,0.0,0.0388
30.3112,20249,152,17,731.5654,27.5573
0.2783,700,2,0,0.0,0.1064
0.0004,3,0,0,0.0,0.0
11.7988,9849,126,20,1225.9101,22.7989
0.017,923,0,0,0.0,0.0
0.7347,1288,12,5,513.4441,0.4642
0.0008,1,0,0,0.0,0.0
100.2895,142553,834,445,22169.6276,91.0
0.0078,5,0,0,0.0,0.0
0.0008,2,0,0,0.0,0.0
26.3241,38523,405,247,9181.6029,44.0
2.1979,2285,36,5,164.8592,3.8435
0.2948,796,2,0,0.0,0.1084
0.4107,2843,2,0,0.0,0.0
0.5962,2736,6,0,0.0,1.1416
5.2037,6042,44,9,511.2403,2.3635
0.0006,1,0,0,0.0,0.0
139.4103,157630,1000,984,44741.1695,106.0
0.7933,2214,4,1,92.3115,0.2136
0.0114,10,0,0,0.0,0.0
27.0096,98550,2172,31,3178.645,87.7506
0.6033,557,2,0,0.0,0.1077
0.0042,2,0,0,0.0,0.0
0.0027,5,0,0,0.0,0.0
0.091,2241,3,0,0.0,0.1647
0.3881,1069,16,4,603.5839,1.7251
0.1205,140,0,0,0.0,0.0
0.8105,22910,73,0,0.0,3.9774
0.0068,17,0,0,0.0,0.0
1.1266,1913,9,0,0.0,0.4881
0.175,265,0,0,0.0,0.0
350.1544,137399,1473,442,22966.2848,277.0
0.0253,33,2,1,65.3692,0.3763
0.5666,7304,18,1,16.331,0.9406
0.6013,7694,54,0,0.0,2.8794
0.032,1268,3,0,0.0,0.158
2.1121,3181,28,4,129.1918,5.2257
2.2558,2272,37,6,375.6748,4.0417
0.2074,347,6,0,0.0,0.3203
0.0032,4,0,0,0.0,0.0
3.365,54283,171,1,68.2057,9.1637
0.0007,1,0,0,0.0,0.0
302.3867,242467,2354,1253,59337.377,447.0
42.24,28794,440,320,21775.423,47.0
27.6625,19635,114,47,1765.4791,21.0
0.0093,61,0,0,0.0,0.0
0.078,326,2,0,0.0,0.1092
8.9094,11344,66,36,1838.6434,7.0
7.4969,22558,58,8,462.9323,3.2033
4.1744,6049,61,6,412.3339,6.6203
0.5952,693,6,0,0.0,0.6538
0.001,1,0,0,0.0,0.0
0.13,4196,12,0,0.0,0.6407
0.0169,39,5,0,0.0,0.2731
4.4471,21229,260,5,278.0788,10.0832
4.5188,5753,167,42,1918.851,17.8337
0.0462,42,0,0,0.0,0.0
0.6339,3813,32,1,112.3056,1.7855
10.3599,12558,421,52,3475.8029,44.8819
0.1315,136,1,0,0.0,0.0545
8.3222,71334,261,0,0.0,14.2507
0.9619,1596,22,2,286.5876,1.1217
0.0788,280,0,0,0.0,0.0
0.004,10,0,0,0.0,0.0
37.3309,157407,2905,29,2276.2273,112.6512
0.027,50,0,0,0.0,0.0
8.6182,5307,106,27,1821.8938,11.321
0.8298,3754,11,0,0.0,2.0518
0.0008,8,0,0,0.0,0.0
0.0001,1,0,0,0.0,0.0
0.0021,1,0,0,0.0,0.0
11.9835,6074,39,12,277.3397,7.0
0.001,1,0,0,0.0,0.0
0.0019,5,0,0,0.0,0.0
0.0057,65,0,0,0.0,0.0
0.0199,19,0,0,0.0,0.0
0.1192,153,0,0,0.0,0.0
6.4349,7331,57,27,2053.2787,3.0533
0.0003,1,0,0,0.0,0.0
0.0026,10,0,0,0.0,0.0
0.0007,79,0,0,0.0,0.0
0.2573,475,0,0,0.0,0.0
286.3959,281787,7309,2434,121523.0295,1374.0
0.0022,3,0,0,0.0,0.0
2.918,4006,98,2,365.7786,3.9371
0.2056,660,1,0,0.0,0.0533
0.0012,127,1,0,0.0,0.0528
0.0008,5,0,0,0.0,0.0
0.1159,190,2,0,0.0,0.3569
2.2681,4348,12,1,46.3113,0.6539
4.48,19060,47,6,343.5151,2.3964
0.01,131,0,0,0.0,0.0
5.1114,4583,63,5,248.5011,2.518
0.0496,32,0,0,0.0,0.0
0.0844,3113,8,0,0.0,0.4272
0.0048,12,0,0,0.0,0.0
0.0061,15,0,0,0.0,0.0
5.8064,53213,268,2,123.5217,14.5144
0.0767,2333,6,0,0.0,0.3161
0.8549,1676,5,2,275.9755,0.0
0.002,3,0,0,0.0,0.0
0.1404,170,0,0,0.0,0.0
1.3085,2774,17,6,161.4465,1.9142
1.5976,1667,42,7,602.5326,4.5292
0.0133,25,0,0,0.0,0.0
0.0731,6,0,0,0.0,0.0
95.0814,364109,3958,45,2766.8373,153.9956
0.0027,4,0,0,0.0,0.0
190.4143,153455,1177,431,19638.7691,218.0
0.485,2229,6,0,0.0,1.1373
0.1449,478,0,0,0.0,0.0
1.2284,1911,53,0,0.0,10.0619
0.0009,19,0,0,0.0,0.0
7.0117,33656,81,4,120.5266,4.1783
0.4182,729,2,0,0.0,0.2198
4.3766,3424,61,8,243.2637,11.2496
0.8293,619,17,1,48.5568,0.9471
0.0013,2,0,0,0.0,0.0
0.2877,468,9,0,0.0,0.347
0.0324,118,0,0,0.0,0.0
0.2455,136,0,0,0.0,0.0
1.0498,27697,76,1,1362.3035,4.1319
0.0997,181,0,0,0.0,0.0
0.7203,3966,9,2,381.6381,0.4912
0.9853,6279,50,0,0.0,2.0404
1.9063,16497,62,1,93.2065,3.3389
0.0478,430,1,0,0.0,0.1885
0.3982,4486,19,0,0.0,1.0307
0.0119,8,0,0,0.0,0.0
0.0054,14,0,0,0.0,0.0
3.6921,8717,173,1,16.1569,6.9187
5.2449,13786,53,36,2471.5453,5.0
0.1162,257,1,0,0.0,0.0549
0.167,142,0,0,0.0,0.0
0.1984,601,3,0,0.0,0.1559
0.0043,13,0,0,0.0,0.0
341.9724,418617,2446,831,44620.179,447.5543
33.391,161514,2408,18,1518.1689,96.2994
0.0035,4,0,0,0.0,0.0
0.0161,23,0,0,0.0,0.0
0.3368,5628,9,0,0.0,0.4837
4.2781,35931,149,0,0.0,5.6978
0.0067,5,0,0,0.0,0.0
1.2585,1610,14,1,47.2907,2.6399
0.0356,267,0,0,0.0,0.0
0.0257,63,0,0,0.0,0.0
0.2659,1983,9,0,0.0,0.9663
0.0872,160,0,0,0.0,0.0
0.2557,4377,13,0,0.0,0.7071
36.6545,52605,766,368,18878.0004,141.0
2.1024,29908,115,2,81.3673,6.1419
0.4568,553,0,0,0.0,0.0
0.0024,3,0,0,0.0,0.0
0.0017,5,0,0,0.0,0.0
0.0007,1,0,0,0.0,0.0
0.5203,1303,14,2,117.1424,1.4951
0.0264,146,3,0,0.0,0.3201
0.0011,3,0,0,0.0,0.0
5.9532,23771,56,0,0.0,2.9787
243.2549,193292,1952,822,36729.0733,354.1228
0.0008,1,0,0,0.0,0.0
1.5724,2363,7,7,670.7013,1.0
209.1904,162175,827,716,33925.4868,157.0
0.0012,3,0,0,0.0,0.0
1.081,655,3,0,0.0,0.5416
0.3397,554,12,0,0.0,0.6397
0.3917,1176,3,2,78.4817,0.1595
0.0496,51,0,0,0.0,0.0
0.5088,680,12,2,79.2752,1.7348
0.7474,1955,10,0,0.0,1.0937
0.0635,244,0,0,0.0,0.0
0.6449,5609,24,0,0.0,1.3218
192.8206,191154,1626,589,23994.3048,297.5323
0.764,1257,12,0,0.0,0.6539
0.0704,135,0,0,0.0,0.0
0.0193,36,0,0,0.0,0.0
0.6658,1422,3,0,0.0,0.5599
0.1447,1566,3,0,0.0,0.1219
0.0023,146,0,0,0.0,0.0
0.2691,298,2,0,0.0,0.2179
279.2661,230514,1653,785,43523.2003,313.0
0.172,3680,10,0,0.0,0.5319
3.2827,4871,22,2,88.5092,3.9275
0.3114,4444,16,0,0.0,0.8354
0.4475,427,4,0,0.0,0.4366
4.5101,19376,41,4,616.478,2.1897
0.226,5704,43,6,180.7623,2.2925
6.3952,28390,55,5,568.1968,2.9462
0.2218,316,16,0,0.0,0.6505
2.9509,70788,98,0,0.0,5.2679
1.6768,2548,80,0,0.0,15.08
0.3896,5013,14,0,0.0,0.5602
337.5558,295403,1441,702,33501.6985,271.0
0.0007,1,0,0,0.0,0.0
0.6991,11731,19,1,11.7674,0.9992
0.0053,70,0,0,0.0,0.0
0.004,5,0,0,0.0,0.0
0.004,5,0,0,0.0,0.0
0.2368,1004,0,0,0.0,0.0
0.0008,1,0,0,0.0,0.0
0.0213,14,0,0,0.0,0.0
0.0012,1,0,0,0.0,0.0
3.8059,16517,32,3,257.1526,1.7326
0.0177,60,0,0,0.0,0.0
0.0169,86,1,0,0.0,0.1904
1.2981,4205,17,0,0.0,3.2274
3.0455,14784,30,4,151.6881,1.6157
2.5195,13962,191,0,0.0,10.1813
0.0062,8,0,0,0.0,0.0
4.488,10999,138,18,983.4908,14.7319
0.0124,30,0,0,0.0,0.0
0.3954,4679,15,0,0.0,0.8159
0.0104,7,0,0,0.0,0.0
0.0565,180,3,0,0.0,0.1577
0.1596,282,2,2,71.128,0.217
5.2019,7999,48,7,547.2905,8.8472
0.0226,39,0,0,0.0,0.0
0.326,309,1,0,0.0,0.0533
1.4939,3080,9,1,274.8994,0.4847
0.0048,6,0,0,0.0,0.0
0.009,6,0,0,0.0,0.0
0.0506,156,0,0,0.0,0.0
0.3424,931,1,0,0.0,0.0549
29.3382,121615,1774,34,3866.5396,72.0553
0.0289,45,0,0,0.0,0.0
0.0378,38,0,0,0.0,0.0
0.0007,2,0,0,0.0,0.0
2.1637,41284,136,5,355.9874,7.2319
2.4032,3231,18,14,378.6081,2.0
0.0002,1,0,0,0.0,0.0
0.2063,5479,8,0,0.0,0.4207
0.0006,1,0,0,0.0,0.0
0.1228,302,0,0,0.0,0.0
1.9582,2700,13,1,117.0089,0.6953
0.2474,680,3,0,0.0,0.3274
6.7684,55763,273,2,55.1489,15.0594
0.8375,15153,23,0,0.0,1.226
0.0007,23,0,0,0.0,0.0
8.4842,18581,133,76,3208.9667,14.0
324.4276,254606,3842,1274,58417.7871,702.9509
0.7299,17336,35,0,0.0,1.9023
0.0342,25,0,0,0.0,0.0
8.8168,118744,329,0,0.0,17.5431
1.6352,1650,28,3,234.4115,1.5442
0.0396,205,1,0,0.0,0.1098
1.6571,43990,90,0,0.0,4.8064
1.5708,2842,0,0,0.0,0.0
0.0013,32,0,0,0.0,0.0
4.1946,4484,92,2,30.1162,5.0012
0.0021,2,0,0,0.0,0.0
6.5431,13932,88,23,2380.8947,16.0958
0.132,562,0,0,0.0,0.0
0.0079,12,0,0,0.0,0.0
0.8735,19806,85,0,0.0,4.6103
0.1357,1013,4,1,80.744,0.4338
0.1414,285,1,0,0.0,0.1865
2.946,6705,29,6,825.5617,1.4962
0.0882,143,0,0,0.0,0.0
0.0084,12,0,0,0.0,0.0
0.001,1,0,0,0.0,0.0
0.0047,7,0,0,0.0,0.0
269.423,220208,1536,768,41462.4797,286.0
0.0037,41,1,0,0.0,0.0542
0.0007,2,0,0,0.0,0.0
0.2366,3591,17,0,0.0,0.9247
6.9174,26113,75,11,459.482,3.9957
0.1235,201,3,0,0.0,0.1547
0.2545,460,3,0,0.0,0.5624
286.1563,228108,2211,1104,49556.0127,409.0
0.8829,1053,14,0,0.0,0.7641
11.9486,22620,62,54,1707.0032,6.0
0.3952,3812,35,1,42.5054,1.354
0.1078,124,0,0,0.0,0.0
5.4882,4556,74,4,374.6849,13.2072
0.5069,1543,9,0,0.0,0.4652
0.0039,4,0,0,0.0,0.0
285.6732,332776,1791,988,38129.2636,327.6028
0.705,2661,0,0,0.0,0.0
7.5325,8072,81,2,194.3131,3.0974
0.0243,26,0,0,0.0,0.0
54.8392,47802,1560,35,2209.8942,63.6567
0.002,25,0,0,0.0,0.0
0.1042,2214,9,1,106.8965,0.4906
0.5811,1870,8,0,0.0,0.4458
4.1417,19591,45,3,74.923,2.4672
7.8727,32077,57,8,785.4458,3.0388
0.1232,3093,1,0,0.0,0.0539
0.0349,120,1,0,0.0,0.0553
0.0012,1,0,0,0.0,0.0
0.0081,101,0,0,0.0,0.0
0.2788,3717,25,0,0.0,1.3467
0.0055,8,0,0,0.0,0.0
0.0272,34,0,0,0.0,0.0
0.0199,113,0,0,0.0,0.0
2.46,5091,59,16,740.4369,10.7125
0.144,2416,8,0,0.0,0.3249
15.2218,34255,87,44,1932.9052,9.0
0.0049,473,0,0,0.0,0.0
1.2813,2553,16,1,314.0615,0.853
1.0597,17106,32,0,0.0,1.7053
0.2959,4124,20,1,16.9379,1.0545
0.0024,3,0,0,0.0,0.0
0.0047,10,0,0,0.0,0.0
4.6485,5948,68,9,725.8544,3.6492
0.1002,70,0,0,0.0,0.0
0.0024,6,0,0,0.0,0.0
50.6293,44273,1512,33,1763.804,60.7437
0.0384,60,1,0,0.0,0.1874
0.067,552,1,0,0.0,0.1834
1.1896,1514,8,1,170.716,0.4298
0.0001,1,0,0,0.0,0.0
0.0777,379,2,0,0.0,0.3732
0.1231,253,0,0,0.0,0.0
0.0008,1,0,0,0.0,0.0
5.6963,11298,121,18,775.8297,13.2083
0.0,2,0,0,0.0,0.0
1.8996,1965,33,12,1088.8946,3.5801
31.5484,43304,193,50,2532.171,36.0
0.2875,5833,41,0,0.0,2.2078
0.5223,2787,12,3,187.5464,2.2364
3.7873,17049,37,3,308.1984,1.9648
0.1274,553,4,1,192.1926,0.7647
0.392,4652,20,0,0.0,0.7648
0.0275,19,0,0,0.0,0.0
0.0158,300,2,0,0.0,0.1031
121.2219,45003,772,418,19327.8262,141.0
0.0003,2,0,0,0.0,0.0
23.1867,21144,124,16,1288.8975,23.0
0.0639,115,0,0,0.0,0.0
6.3423,10569,68,61,1947.9669,7.0
0.1656,268,0,0,0.0,0.0
0.0449,72,1,0,0.0,0.0408
0.0432,79,0,0,0.0,0.0
4.6656,4360,63,15,854.7662,3.4385
0.0017,35,1,0,0.0,0.0533
0.6917,9697,26,0,0.0,1.3976
0.1878,594,0,0,0.0,0.0
0.1875,210,2,0,0.0,0.228
1.1822,2187,22,14,645.9404,2.3935
1.1283,2345,4,0,0.0,0.2166
0.0248,38,0,0,0.0,0.0
0.0659,95,0,0,0.0,0.0
4.1091,74812,264,0,0.0,14.326
4.519,39527,253,3,114.8474,9.9793
0.0153,109,0,0,0.0,0.0
142.1156,108588,620,317,15664.3975,117.0
0.1136,2270,9,0,0.0,0.4943
0.4716,11059,25,0,0.0,1.3328
0.0101,25,1,0,0.0,0.1885
26.4055,50475,479,137,8929.71,91.0
1.2381,1162,11,1,83.5352,0.5792
0.006,4,0,0,0.0,0.0
0.0655,295,0,0,0.0,0.0
0.2616,235,1,0,0.0,0.0542
0.3812,5642,37,0,0.0,1.9335
2.4814,18523,144,1,22.4702,7.8346
4.5165,21278,54,5,417.451,2.7858
0.9393,1569,24,1,36.7843,0.9694
0.0003,1,0,0,0.0,0.0
0.5502,1692,3,0,0.0,0.1602
0.0136,37,0,0,0.0,0.0
0.0144,30,0,0,0.0,0.0
6.6698,14064,71,19,1286.6044,7.7639
0.8972,7400,33,0,0.0,1.7572
7.0805,4555,74,17,443.1471,14.0487
0.0375,312,1,0,0.0,0.1067
0.0023,6,0,0,0.0,0.0
0.4087,451,7,0,0.0,0.7689
0.0017,2,0,0,0.0,0.0
0.274,1247,1,0,0.0,0.1089
0.0025,1,0,0,0.0,0.0
9.2767,24891,110,88,4977.2149,20.0
0.0012,3,0,0,0.0,0.0
0.0738,168,0,0,0.0,0.0
0.0446,216,0,0,0.0,0.0
3.9221,30752,171,4,55.6673,6.8929
204.1697,105859,625,424,22371.6693,116.0
0.0923,519,1,0,0.0,0.054
1.4066,29488,49,0,0.0,2.5534
0.0832,145,1,0,0.0,0.1884
42.5835,62949,1002,294,14913.3184,183.2742
0.0006,7,0,0,0.0,0.0
0.0277,51,0,0,0.0,0.0
0.0924,148,6,1,59.6232,1.0916
0.1308,186,3,0,0.0,0.5712
1.8143,4101,37,0,0.0,1.9335
0.0036,6,0,0,0.0,0.0
0.0074,14,0,0,0.0,0.0
0.0027,2,0,0,0.0,0.0
37.0145,41403,227,66,3128.2297,42.0
1.6558,7349,102,1,26.9652,5.742
0.0124,13,0,0,0.0,0.0
0.3525,296,0,0,0.0,0.0
7.4441,28643,81,12,755.1971,4.1985
0.0552,284,0,0,0.0,0.0
0.7769,1960,8,0,0.0,0.4193
2.4218,3351,18,3,186.3072,0.9611
0.1847,273,0,0,0.0,0.0
67.063,269656,4399,45,3046.7982,171.155
0.6635,2704,0,0,0.0,0.0
4.4338,30369,179,1,25.7808,9.2341
2.3187,3948,43,3,338.3683,2.3489
56.5878,248532,2876,36,1878.5456,111.2696
0.0065,10,0,0,0.0,0.0
0.0412,72,0,0,0.0,0.0
323.5145,273438,1977,709,33860.4452,352.8712
0.2423,147,2,0,0.0,0.2214
0.0749,40,1,0,0.0,0.0557
8.8982,17491,111,10,448.0773,12.0943
0.4488,2251,6,0,0.0,0.3199
15.698,29760,192,27,1226.8509,34.2665
1.4609,13452,57,2,91.157,3.1057
7.1073,17228,243,1,96.0759,9.5278
1.7867,1848,39,6,161.8925,4.1647
11.5244,15725,97,52,3884.3025,17.0
8.7254,16249,92,12,1044.3937,17.3923
1.3466,2787,10,6,755.3051,0.5319
0.0222,148,1,0,0.0,0.1067
0.0083,50,0,0,0.0,0.0
0.2855,642,9,1,14.1276,0.3636
0.0485,119,0,0,0.0,0.0
0.0,0,0,0,0.0,0.0
0.454,752,10,0,0.0,1.2875
2.3438,29482,116,0,0.0,6.1853
10.7617,32634,121,16,2592.653,6.4504
0.0626,105,0,0,0.0,0.0
0.272,254,1,0,0.0,0.0534
0.0033,31,1,0,0.0,0.1073
28.4463,37111,272,26,1111.3654,50.7334
0.0611,97,0,0,0.0,0.0
0.0064,8,0,0,0.0,0.0
9.845,15017,118,24,1376.4896,21.3053
0.023,271,0,0,0.0,0.0
0.0065,10,0,0,0.0,0.0
0.5466,2658,2,0,0.0,0.3808
0.002,1,0,0,0.0,0.0
0.0175,115,0,0,0.0,0.0
0.0096,12,0,0,0.0,0.0
0.1635,259,3,3,871.2426,0.3309
0.0313,14,0,0,0.0,0.0
37.5667,32966,215,87,4074.8278,39.3251
1.4484,2138,13,2,140.1864,2.3961
394.8222,442067,10677,2886,141494.0881,1905.598
4.326,20177,48,9,1570.9386,2.5595
0.0039,394,0,0,0.0,0.0
0.0115,9,0,0,0.0,0.0
2.9084,2632,36,7,488.4779,3.998
0.2658,2445,11,0,0.0,0.6189
0.3567,822,10,0,0.0,1.0861
0.0016,2,0,0,0.0,0.0
1.6529,13157,119,0,0.0,6.4106
3.818,13321,36,1,164.2553,1.9497
0.2344,619,1,0,0.0,0.0509
0.0448,110,0,0,0.0,0.0
0.132,522,1,0,0.0,0.0545
1.3552,1269,9,1,80.9309,0.4896
0.0007,5,0,0,0.0,0.0
30.3404,19881,132,42,2058.7637,24.0
0.5752,6530,10,0,0.0,0.5387
3.9602,50886,187,2,207.5562,9.9853
1.0681,5473,15,1,13.6078,0.8124
0.0141,29,0,0,0.0,0.0
0.0013,2,0,0,0.0,0.0
0.0131,24,0,0,0.0,0.0
0.2273,165,6,0,0.0,0.6591
0.2843,4001,15,0,0.0,0.8245
0.0347,28,0,0,0.0,0.0
2.7611,33287,94,1,42.4218,5.1009
0.015,23,1,0,0.0,0.0533
0.0084,7,0,0,0.0,0.0
0.4379,7259,34,2,80.0275,1.845
2.495,1710,42,3,112.681,1.706
0.0005,3,0,0,0.0,0.0
0.2683,688,5,1,79.3916,0.5482
0.0261,21,0,0,0.0,0.0
0.2201,545,0,0,0.0,0.0
0.6893,1722,17,0,0.0,0.6666
1.318,2324,19,0,0.0,0.747
0.0212,104,0,0,0.0,0.0
0.0275,39,0,0,0.0,0.0
0.0008,1,0,0,0.0,0.0
0.0447,77,0,0,0.0,0.0
6.4682,17180,109,11,767.1705,12.0199
0.0398,189,0,0,0.0,0.0
1.0802,10537,53,1,191.3352,2.8288
0.0116,13,1,0,0.0,0.0534
0.0267,43,1,0,0.0,0.0516
0.3185,1658,7,0,0.0,0.3782
0.0067,12,0,0,0.0,0.0
0.3478,631,2,0,0.0,0.1102
5.6961,14790,87,39,2499.5903,9.0
0.9143,19632,43,0,0.0,2.2961
0.0097,95,0,0,0.0,0.0
0.0074,22,0,0,0.0,0.0
0.0601,131,2,0,0.0,0.1083
6.3192,5906,67,0,0.0,2.5627
2.9362,7112,28,0,0.0,1.4635
2.0243,2159,31,4,256.7106,3.3321
0.6497,1367,10,4,70.2016,1.8663
0.0049,62,0,0,0.0,0.0
0.0701,111,0,0,0.0,0.0
1.2715,3503,11,3,83.2394,2.0286
1.2433,2568,8,1,25.8575,0.4394
4.7319,10913,87,16,1396.0634,9.7097
2.1918,46611,112,0,0.0,6.032
0.0015,1,0,0,0.0,0.0
0.03,148,0,0,0.0,0.0
1.412,3890,17,3,62.4463,1.8751
17.6593,19974,778,63,4383.0931,145.4616
0.1107,135,0,0,0.0,0.0
0.0247,77,0,0,0.0,0.0
1.8444,1851,16,1,7.6553,0.8625
4.2218,52747,190,1,13.4022,10.1959
2.0507,3821,54,1,76.9796,10.3039
0.063,164,1,0,0.0,0.1114
3.7021,37559,165,1,80.9067,9.1939
0.0008,1,0,0,0.0,0.0
0.7487,1494,16,1,241.2338,2.8887
0.0057,8,0,0,0.0,0.0
0.0109,90,0,0,0.0,0.0
0.0086,8,0,0,0.0,0.0
0.4449,2629,9,0,0.0,0.4806
1.3582,1449,74,0,0.0,4.0755
0.0041,5,0,0,0.0,0.0
8.1268,85027,262,0,0.0,14.0844
19.9397,35972,198,41,1620.3393,37.5883
0.0008,1,0,0,0.0,0.0
0.0007,1,0,0,0.0,0.0
0.1242,555,2,1,73.6687,0.1077
0.272,3527,17,1,47.0404,0.9571
5.3109,56034,266,5,397.8485,10.4925
364.2818,197367,1284,623,27647.9094,233.0
1.6802,3291,14,0,0.0,0.7589
32.0718,124960,1244,15,861.2221,48.758
0.0555,137,0,0,0.0,0.0
0.0047,7,0,0,0.0,0.0
0.1443,468,0,0,0.0,0.0
0.1907,781,1,0,0.0,0.1829
22.2597,19291,135,29,1895.9934,25.0
4.7862,64669,324,7,297.2596,17.3036
0.0008,1,0,0,0.0,0.0
0.2622,2883,31,0,0.0,1.7121
3.0055,16013,171,0,0.0,6.7022
0.3273,1650,9,0,0.0,0.9608
0.099,195,0,0,0.0,0.0
0.0395,73,0,0,0.0,0.0
5.5146,80698,310,7,1042.8583,16.5173
0.1499,755,10,0,0.0,0.4039
0.007,18,0,0,0.0,0.0
195.4261,230580,5079,2148,108550.5919,554.0
376.2983,414677,8938,2541,134741.5126,1655.0
0.0015,1,0,0,0.0,0.0
0.7905,19163,40,0,0.0,2.144
1.6325,2363,54,0,0.0,2.8833
10.8085,21759,113,75,4554.9358,12.0
0.0237,56,0,0,0.0,0.0
0.5937,1189,8,0,0.0,1.5294
0.0026,4,0,0,0.0,0.0
8.8082,21483,194,138,3372.1998,35.4898
5.4119,25851,65,3,68.3224,3.464
0.003,2,0,0,0.0,0.0
1.5284,2421,68,6,399.4774,12.5873
12.1961,10606,96,16,820.5185,18.0946
0.86,27951,71,1,14.3815,3.7853
0.0169,26,0,0,0.0,0.0
0.1551,382,0,0,0.0,0.0
0.0007,1,0,0,0.0,0.0
1.8525,2799,13,6,179.1327,1.0
0.017,4,0,0,0.0,0.0
1.2896,11613,57,0,0.0,3.0437
0.0001,2,0,0,0.0,0.0
1.1255,40706,84,0,0.0,4.4792
0.0197,60,0,0,0.0,0.0
0.0198,36,1,0,0.0,0.1103
0.038,35,0,0,0.0,0.0
5.5302,18761,50,2,8.6047,2.6889
0.0072,464,0,0,0.0,0.0
0.3313,4256,14,0,0.0,0.7615
0.0161,25,0,0,0.0,0.0
0.527,9034,16,0,0.0,0.853
0.0233,36,0,0,0.0,0.0
0.6901,11806,20,0,0.0,1.0998
0.0151,8,0,0,0.0,0.0
0.0009,1,0,0,0.0,0.0
0.007,35,0,0,0.0,0.0
0.0327,49,0,0,0.0,0.0
0.0025,219,0,0,0.0,0.0
0.0058,9,0,0,0.0,0.0
0.0165,88,0,0,0.0,0.0
0.2369,711,2,0,0.0,0.0
0.0478,83,0,0,0.0,0.0
9.9578,9834,232,1,73.9774,12.7414
0.086,496,1,0,0.0,0.0542
6.2867,4175,91,2,106.1402,3.5406
0.0019,3,0,0,0.0,0.0
0.0459,69,1,0,0.0,0.1066
0.0628,73,0,0,0.0,0.0
0.3352,4841,31,0,0.0,1.6032
0.3031,3177,10,0,0.0,0.5269
0.0003,1,0,0,0.0,0.0
21.8438,54074,135,80,4401.9635,14.0
307.349,307844,1581,781,38518.9431,294.0
0.0169,63,0,0,0.0,0.0
189.574,109679,1340,859,42593.3402,144.0
0.0537,183,0,0,0.0,0.0
0.254,1747,6,0,0.0,0.3313
0.0327,46,0,0,0.0,0.0
0.003,42,0,0,0.0,0.0
0.0024,7,0,0,0.0,0.0
0.0021,1,0,0,0.0,0.0
1.8153,3160,2,0,0.0,0.3618
0.0199,86,1,0,0.0,0.1099
0.0694,179,2,0,0.0,0.217
0.0188,74,0,0,0.0,0.0
3.5036,4222,106,0,0.0,5.6531
0.0003,1,0,0,0.0,0.0
0.1573,408,7,0,0.0,1.2709
1.4129,1579,27,1,415.7224,2.9061
0.0166,61,0,0,0.0,0.0
42.4023,41007,205,80,4133.4886,37.0
72.0354,71967,348,115,6712.8781,66.0
0.8895,9293,32,0,0.0,1.7291
35.6771,176628,2559,34,2003.306,102.5155
0.0021,193,0,0,0.0,0.0
7.3898,24765,82,4,301.8331,4.4701
5.1601,5595,50,7,385.6345,2.6623
0.8806,1242,13,0,0.0,0.6941
1.4613,3694,2,0,0.0,0.0
0.3965,992,7,0,0.0,0.7609
1.9308,3032,32,0,0.0,1.7439
2.716,3468,35,1,74.1031,1.82
0.0049,9,0,0,0.0,0.0
1.0589,1453,6,2,11.4835,1.0826
0.9226,1071,47,0,0.0,2.5638
0.0048,461,0,0,0.0,0.0
0.2677,3969,28,0,0.0,1.4764
0.1421,882,3,1,77.7339,0.3254
0.0194,81,0,0,0.0,0.0
0.3127,6520,17,0,0.0,0.9079
0.0027,6,0,0,0.0,0.0
0.0155,97,0,0,0.0,0.0
1.4379,1450,18,0,0.0,0.9305
11.1108,5523,61,32,1369.4942,11.0
0.0084,73,0,0,0.0,0.0
0.4081,1103,10,0,0.0,1.126
0.2071,2008,8,0,0.0,0.3197
0.0941,454,0,0,0.0,0.0
0.8515,669,14,0,0.0,0.7609
1.0997,11441,59,0,0.0,3.1742
0.346,342,1,0,0.0,0.0528
0.9417,6542,26,1,5.5972,1.3859
0.0169,35,0,0,0.0,0.0
0.0112,27,0,0,0.0,0.0
2.4662,24019,116,1,24.5109,6.3218
8.3965,15150,521,11,846.7399,21.2603
0.136,301,2,0,0.0,0.3732
0.0035,6,0,0,0.0,0.0
0.0858,970,5,0,0.0,0.2687
0.0,1,0,0,0.0,0.0
0.2246,629,3,0,0.0,0.1612
4.4209,8459,39,18,793.5047,6.9597
0.0171,12,0,0,0.0,0.0
3.2096,15406,29,5,504.4626,1.5464
0.7612,1843,8,0,0.0,1.4632
0.021,33,0,0,0.0,0.0
0.0666,310,2,0,0.0,0.1092
1.4864,5248,11,2,39.2984,0.5857
0.5274,2284,1,1,6.6538,0.0
24.8835,98643,981,20,1601.9306,38.4497
0.921,8005,17,0,0.0,0.9249
0.002,3,0,0,0.0,0.0
3.9958,46997,142,0,0.0,7.5717
0.004,10,0,0,0.0,0.0
0.0058,512,1,0,0.0,0.0526
1.5469,10193,60,2,48.9302,2.4236
0.0001,3,0,0,0.0,0.0
0.0015,26,0,0,0.0,0.0
0.0939,264,3,0,0.0,0.5428
6.5427,4627,67,13,585.8189,12.4931
0.0029,8,0,0,0.0,0.0
1.2876,4002,22,3,394.3987,1.1969
1.3546,4180,13,1,24.2998,0.6931
26.2022,14288,151,59,3860.1421,27.2622
1.636,28343,88,0,0.0,4.7658
0.4449,7515,46,0,0.0,2.4224
0.0087,95,0,0,0.0,0.0
0.0101,149,0,0,0.0,0.0
0.0073,10,0,0,0.0,0.0
16.831,42391,470,14,928.0248,18.1854
2.2998,2594,90,0,0.0,4.7439
8.2816,120060,368,6,150.3687,19.0779
3.9014,5473,64,3,95.9392,2.5037
5.8599,13166,140,17,1204.616,15.23
2.2367,2038,39,6,657.2488,4.308
7.5902,19799,77,17,625.904,14.0
2.9931,17683,288,5,239.7752,11.5181
0.0256,24,0,0,0.0,0.0
1.419,34959,100,0,0.0,5.4235
0.9199,1322,18,0,0.0,0.9782
3.294,2691,23,11,787.7087,2.0
338.358,263128,1657,705,39268.4984,312.0
4.7261,2806,27,21,1578.63,3.0
0.1506,313,0,0,0.0,0.0
0.0001,1,0,0,0.0,0.0
10.0647,34427,93,7,359.2395,5.0145
0.0188,46,0,0,0.0,0.0
0.1447,475,2,0,0.0,0.1087
0.2868,1656,3,0,0.0,0.158
0.5611,19283,32,0,0.0,1.724
0.0543,1554,0,0,0.0,0.0
0.0405,73,0,0,0.0,0.0
0.2712,485,4,0,0.0,0.756
0.0997,133,1,0,0.0,0.0
0.0008,1,0,0,0.0,0.0
0.0002,1,0,0,0.0,0.0
0.0098,30,0,0,0.0,0.0
0.0099,25,0,0,0.0,0.0
0.1855,753,1,0,0.0,0.1904
9.8886,18988,58,48,2211.9952,6.0
0.0038,29,0,0,0.0,0.0
0.2922,186,3,0,0.0,0.3263
0.0576,1285,3,0,0.0,0.1649
0.0029,2,0,0,0.0,0.0
0.0289,43,0,0,0.0,0.0
0.4807,2028,7,6,193.1727,1.3282
0.3919,321,2,0,0.0,0.3749
0.0019,1,0,0,0.0,0.0
1.4179,37088,77,0,0.0,4.0731
1.0082,15281,67,0,0.0,3.5013
1.4841,7882,114,0,0.0,6.2221
272.2919,208197,2495,905,40793.4204,466.0
0.6313,3797,9,0,0.0,1.6662
0.7762,9713,90,0,0.0,4.8001
0.1407,824,4,0,0.0,0.7338
0.1866,331,3,3,136.4103,0.3308
1.4686,1404,19,2,74.3136,0.9929
14.4186,18906,450,9,242.2505,18.0783
0.0015,1,0,0,0.0,0.0
0.0203,50,0,0,0.0,0.0
0.3507,2142,3,1,33.8882,0.1627
0.4053,6260,29,1,165.2496,1.584
0.003,2,0,0,0.0,0.0
1.5873,1677,35,5,294.4757,3.8617
1.1387,890,9,0,0.0,0.4962
0.0008,1,0,0,0.0,0.0
1.2692,2416,21,1,99.9814,2.2425
0.0235,150,0,0,0.0,0.0
0.4063,689,5,0,0.0,0.9492
1.852,3638,46,9,263.2592,8.5868
0.1841,477,1,0,0.0,0.1843
0.0004,1,0,0,0.0,0.0
60.6279,59503,270,105,7188.1036,50.0
0.0156,34,0,0,0.0,0.0
1.4781,1378,10,0,0.0,0.5184
0.089,489,2,0,0.0,0.1067
0.3044,3688,18,0,0.0,0.9767
0.0013,15,1,0,0.0,0.1861
0.3397,3607,8,0,0.0,0.4351
1.2422,1277,13,0,0.0,0.6944
30.0988,31877,309,180,7987.5503,33.0
2.9318,24075,115,0,0.0,6.3425
0.0003,1,0,0,0.0,0.0
2.5686,3553,26,12,683.8297,2.0
0.2322,466,4,0,0.0,0.2143
1.5827,2866,69,0,0.0,3.6153
81.6476,75622,416,95,4744.5628,79.0
1.9558,4917,4,3,96.3584,0.0
0.0357,122,1,0,0.0,0.0557
0.0058,47,0,0,0.0,0.0
169.8765,201697,5184,2069,112190.5701,551.0
0.1773,2993,9,0,0.0,0.4798
0.002,2,0,0,0.0,0.0
0.0584,104,0,0,0.0,0.0
5.622,52338,355,1,11.2678,19.3473
0.0152,19,0,0,0.0,0.0
0.6027,557,3,0,0.0,0.1555
0.0043,113,0,0,0.0,0.0
0.003,252,0,0,0.0,0.0
0.6904,2774,6,2,180.6579,1.1281
5.2245,12773,223,5,241.2467,8.6478
1.2807,2130,18,7,586.0576,1.9795
0.0119,61,0,0,0.0,0.0
3.4801,7178,57,13,731.9419,6.2896
0.0878,138,0,0,0.0,0.0
5.0651,11534,110,20,2227.792,12.0827
2.7076,64583,132,0,0.0,6.8477
183.192,194176,1315,758,36495.3064,143.0
0.4579,5654,14,0,0.0,0.7471
0.0096,89,0,0,0.0,0.0
14.4189,18858,466,6,1244.0529,18.6716
0.3765,1606,14,0,0.0,2.6765
22.3898,31161,506,267,15733.4658,54.0
0.0361,80,0,0,0.0,0.0
1.4803,3568,52,1,226.31,2.0659
0.2898,713,4,2,56.3784,0.7454
0.0008,1,0,0,0.0,0.0
0.7253,5499,21,0,0.0,1.154
1.0753,2191,2,0,0.0,0.108
0.0003,1,0,0,0.0,0.0
4.8837,18292,75,1,34.659,4.0679
3.9181,59466,183,1,246.5942,9.9496
0.0036,5,0,0,0.0,0.0
0.0024,3,0,0,0.0,0.0
0.0414,26,1,0,0.0,0.055
1.4139,5138,35,4,22.5147,3.7435
0.468,3281,33,1,78.0275,1.8174
0.0388,95,0,0,0.0,0.0
0.7778,1438,27,0,0.0,1.4102
0.0026,4,0,0,0.0,0.0
0.3338,8493,17,0,0.0,0.9077
0.8603,4434,5,0,0.0,0.9047
2.4561,6672,12,3,31.0902,2.1592
0.3402,598,2,0,0.0,0.1063
0.0948,156,1,0,0.0,0.1829
0.0024,6,0,0,0.0,0.0
0.9008,1497,26,0,0.0,1.0501
0.0124,19,0,0,0.0,0.0
1.4142,1274,7,0,0.0,0.3669
25.7047,35959,476,226,9252.7556,52.0
6.1684,6907,136,37,2665.113,14.9587
0.0001,7,0,0,0.0,0.0
2.1683,16639,161,0,0.0,8.4138
1.7561,44490,98,0,0.0,5.1843
0.9458,1823,6,0,0.0,1.1108
0.0189,89,0,0,0.0,0.0
5.8763,9621,32,14,843.9856,6.0
0.5227,8737,32,0,0.0,1.7116
1.0664,1152,8,3,62.4865,0.4308
1.8525,4001,24,2,280.678,4.4627
0.016,269,0,0,0.0,0.0
10.1154,8189,131,25,1326.9922,24.4492
0.8828,831,16,0,0.0,0.8665
1.0227,2239,12,0,0.0,0.6118
0.0135,34,0,0,0.0,0.0
0.0176,21,0,0,0.0,0.0
2.869,37899,202,3,90.8648,8.1155
3.7511,15946,30,5,704.5599,1.5777
0.0032,51,0,0,0.0,0.0
0.0193,5,0,0,0.0,0.0
20.7576,37507,432,290,14485.0429,47.0
1.5746,5182,10,0,0.0,0.5187
0.6163,725,11,0,0.0,2.0119
0.0113,8,0,0,0.0,0.0
0.0034,2,0,0,0.0,0.0
15.8769,35994,113,74,3770.545,12.0
0.0132,25,0,0,0.0,0.0
0.7289,1271,0,0,0.0,0.0
0.0091,584,0,0,0.0,0.0
0.0032,4,0,0,0.0,0.0
0.0048,6,0,0,0.0,0.0
0.0197,13,0,0,0.0,0.0
0.2121,518,0,0,0.0,0.0
1.6448,11057,62,0,0.0,2.521
0.1873,5226,16,0,0.0,0.8528
0.0261,13,1,0,0.0,0.0542
0.0014,22,0,0,0.0,0.0
7.2138,24173,71,1,29.8826,3.8751
0.3608,338,12,0,0.0,0.6428
17.9437,32456,224,25,1268.6498,40.6432
0.1491,2936,13,0,0.0,0.6849
